NR_OMRAD,värdeår 1929,värdeår 1960,värdeår 1970,värdeår 1980,värdeår 1990,värdeår 2000,värdeår 2010,värdeår 2016
114048,950,1070,1130,1250,1365,1485,1545,1840
114050,1200,1315,1505,1630,1755,1880,2005,2390
114052,1200,1315,1505,1630,1755,1880,2005,2390
114054,950,1070,1130,1250,1365,1485,1545,1840
115028,815,935,1050,1110,1165,1285,1400,1645
115030,950,1070,1130,1250,1365,1485,1545,1840
115032,1110,1230,1355,1480,1665,1785,1850,2130
115034,950,1070,1130,1250,1365,1485,1545,1840
115036,950,1070,1130,1250,1365,1485,1545,1840
117042,815,935,1050,1110,1165,1285,1400,1645
117044,950,1070,1130,1250,1365,1485,1545,1840
117046,1110,1230,1355,1480,1665,1785,1850,2130
117048,950,1070,1130,1250,1365,1485,1545,1840
117050,815,935,1050,1110,1165,1285,1400,1645
117900,690,750,810,925,1040,1100,1215,1420
120274,815,935,1050,1110,1165,1285,1400,1645
120275,815,935,1050,1110,1165,1285,1400,1645
120276,950,1070,1130,1250,1365,1485,1545,1840
120277,815,935,1050,1110,1165,1285,1400,1645
120278,1110,1230,1355,1480,1665,1785,1850,2130
120282,815,935,1050,1110,1165,1285,1400,1645
120284,815,935,1050,1110,1165,1285,1400,1645
120286,1110,1230,1355,1480,1665,1785,1850,2130
120900,690,750,810,925,1040,1100,1215,1420
123067,950,1070,1130,1250,1365,1485,1545,1840
123068,950,1070,1130,1250,1365,1485,1545,1840
123069,950,1070,1130,1250,1365,1485,1545,1840
123070,1405,1530,1660,1785,1915,2170,2300,2550
123071,970,1090,1210,1330,1515,1635,1695,1930
123072,950,1070,1130,1250,1365,1485,1545,1840
123073,970,1090,1210,1330,1515,1635,1695,1930
125100,815,935,1050,1110,1165,1285,1400,1645
125102,950,1070,1130,1250,1365,1485,1545,1840
125104,1405,1530,1660,1785,1915,2170,2300,2550
126300,950,1070,1130,1250,1365,1485,1545,1840
126301,815,935,1050,1110,1165,1285,1400,1645
126302,815,935,1050,1110,1165,1285,1400,1645
126303,815,935,1050,1110,1165,1285,1400,1645
126304,1110,1230,1355,1480,1665,1785,1850,2130
126305,950,1070,1130,1250,1365,1485,1545,1840
126306,1560,1690,1820,1950,2080,2335,2570,2830
126307,950,1070,1130,1250,1365,1485,1545,1840
126308,950,1070,1130,1250,1365,1485,1545,1840
127316,815,935,1050,1110,1165,1285,1400,1645
127318,815,935,1050,1110,1165,1285,1400,1645
127319,950,1070,1130,1250,1365,1485,1545,1840
127320,950,1070,1130,1250,1365,1485,1545,1840
127321,950,1070,1130,1250,1365,1485,1545,1840
127322,1110,1230,1355,1480,1665,1785,1850,2130
127324,815,935,1050,1110,1165,1285,1400,1645
128314,815,935,1050,1110,1165,1285,1400,1645
128316,815,935,1050,1110,1165,1285,1400,1645
128318,815,935,1050,1110,1165,1285,1400,1645
136326,815,935,1050,1110,1165,1285,1400,1645
136328,950,1070,1130,1250,1365,1485,1545,1840
136330,1405,1530,1660,1785,1915,2170,2300,2550
136332,950,1070,1130,1250,1365,1485,1545,1840
136334,950,1070,1130,1250,1365,1485,1545,1840
136900,690,750,810,925,1040,1100,1215,1420
138308,815,935,1050,1110,1165,1285,1400,1645
138310,950,1070,1130,1250,1365,1485,1545,1840
138312,1110,1230,1355,1480,1665,1785,1850,2130
139034,815,935,1050,1110,1165,1285,1400,1645
139036,950,1070,1130,1250,1365,1485,1545,1840
139038,950,1070,1130,1250,1365,1485,1545,1840
139040,950,1070,1130,1250,1365,1485,1545,1840
140357,690,750,810,925,1040,1100,1215,1420
140358,815,935,1050,1110,1165,1285,1400,1645
140359,690,750,810,925,1040,1100,1215,1420
160054,970,1090,1210,1330,1515,1635,1695,1930
160055,970,1090,1210,1330,1515,1635,1695,1930
160056,950,1070,1130,1250,1365,1485,1545,1840
160058,950,1070,1130,1250,1365,1485,1545,1840
160059,1200,1315,1505,1630,1755,1880,2005,2390
160060,1765,1900,2035,2170,2440,2710,2850,3185
160061,950,1070,1130,1250,1365,1485,1545,1840
160062,950,1070,1130,1250,1365,1485,1545,1840
160063,950,1070,1130,1250,1365,1485,1545,1840
160064,950,1070,1130,1250,1365,1485,1545,1840
162078,970,1090,1210,1330,1515,1635,1695,1930
162079,1200,1315,1505,1630,1755,1880,2005,2390
162080,1405,1530,1660,1785,1915,2170,2300,2550
162081,1200,1315,1505,1630,1755,1880,2005,2390
162082,950,1070,1130,1250,1365,1485,1545,1840
162083,1110,1230,1355,1480,1665,1785,1850,2130
162084,1930,2070,2210,2450,2620,2900,3025,3480
163062,950,1070,1130,1250,1365,1485,1545,1840
163063,950,1070,1130,1250,1365,1485,1545,1840
163064,950,1070,1130,1250,1365,1485,1545,1840
163065,970,1090,1210,1330,1515,1635,1695,1930
163066,1560,1690,1820,1950,2080,2335,2570,2830
163067,1765,1900,2035,2170,2440,2710,2850,3185
163068,1560,1690,1820,1950,2080,2335,2570,2830
163069,950,1070,1130,1250,1365,1485,1545,1840
163070,950,1070,1130,1250,1365,1485,1545,1840
180104,950,1070,1130,1250,1365,1485,1545,1840
180105,950,1070,1130,1250,1365,1485,1545,1840
180106,970,1090,1210,1330,1515,1635,1695,1930
180107,970,1090,1210,1330,1515,1635,1695,1930
180108,970,1090,1210,1330,1515,1635,1695,1930
180109,970,1090,1210,1330,1515,1635,1695,1930
180110,970,1090,1210,1330,1515,1635,1695,1930
180111,970,1090,1210,1330,1515,1635,1695,1930
180112,1930,2070,2210,2450,2620,2900,3025,3480
180113,1110,1230,1355,1480,1665,1785,1850,2130
180114,2210,2345,2485,2760,3175,3450,3590,4080
180115,1560,1690,1820,1950,2080,2335,2570,2830
180116,970,1090,1210,1330,1515,1635,1695,1930
180117,970,1090,1210,1330,1515,1635,1695,1930
180118,970,1090,1210,1330,1515,1635,1695,1930
180119,970,1090,1210,1330,1515,1635,1695,1930
180120,970,1090,1210,1330,1515,1635,1695,1930
180121,950,1070,1130,1250,1365,1485,1545,1840
180122,970,1090,1210,1330,1515,1635,1695,1930
180123,1110,1230,1355,1480,1665,1785,1850,2130
180124,970,1090,1210,1330,1515,1635,1695,1930
180125,970,1090,1210,1330,1515,1635,1695,1930
180126,1765,1900,2035,2170,2440,2710,2850,3185
180127,970,1090,1210,1330,1515,1635,1695,1930
180128,970,1090,1210,1330,1515,1635,1695,1930
180129,970,1090,1210,1330,1515,1635,1695,1930
180130,1405,1530,1660,1785,1915,2170,2300,2550
180131,970,1090,1210,1330,1515,1635,1695,1930
180132,2210,2345,2485,2760,3175,3450,3590,4080
180133,970,1090,1210,1330,1515,1635,1695,1930
180134,1560,1690,1820,1950,2080,2335,2570,2830
180135,970,1090,1210,1330,1515,1635,1695,1930
180136,2210,2345,2485,2760,3175,3450,3590,4080
180137,970,1090,1210,1330,1515,1635,1695,1930
180138,2210,2345,2485,2760,3175,3450,3590,4080
180139,970,1090,1210,1330,1515,1635,1695,1930
180140,2450,2735,2880,3170,3600,3890,4030,4440
180142,2450,2735,2880,3170,3600,3890,4030,4440
180143,2450,2735,2880,3170,3600,3890,4030,4440
180144,2210,2345,2485,2760,3175,3450,3590,4080
180145,1405,1530,1660,1785,1915,2170,2300,2550
180146,2210,2345,2485,2760,3175,3450,3590,4080
180147,2210,2345,2485,2760,3175,3450,3590,4080
180148,2450,2735,2880,3170,3600,3890,4030,4440
180150,2450,2735,2880,3170,3600,3890,4030,4440
180152,3450,3890,4030,4175,4320,4750,4895,5520
180154,3450,3890,4030,4175,4320,4750,4895,5520
180156,2735,3025,3180,3600,3890,4320,4465,4800
180158,3025,3310,3455,3745,4030,4410,4610,5040
180160,3450,3865,4000,4140,4415,4830,4970,5405
180162,3450,3865,4000,4140,4415,4830,4970,5405
180164,3450,3890,4030,4175,4320,4750,4895,5520
180166,3450,3865,4000,4140,4415,4830,4970,5405
180168,3450,3865,4000,4140,4415,4830,4970,5405
180170,3725,4140,4280,4555,4830,5245,5380,5750
180172,3450,3890,4030,4175,4320,4750,4895,5520
180174,4555,4690,4830,5105,5520,5935,6210,7130
180176,4970,5245,5380,5690,6070,6485,6900,7360
180178,5110,5380,5520,5935,6625,7175,7450,7820
180180,4555,4690,4830,5105,5520,5935,6210,7130
180181,4970,5245,5380,5690,6070,6485,6900,7360
180182,4970,5245,5380,5690,6070,6485,6900,7360
180183,4970,5245,5380,5690,6070,6485,6900,7360
180184,4555,4690,4830,5105,5520,5935,6210,7130
180186,3450,3865,4000,4140,4415,4830,4970,5405
180188,3310,3600,3745,3890,4175,4610,4895,5280
180190,3450,3865,4000,4140,4415,4830,4970,5405
180191,2450,2735,2880,3170,3600,3890,4030,4440
180192,2450,2735,2880,3170,3600,3890,4030,4440
180193,2450,2735,2880,3170,3600,3890,4030,4440
180194,2450,2735,2880,3170,3600,3890,4030,4440
180195,2450,2735,2880,3170,3600,3890,4030,4440
180196,3025,3310,3455,3745,4030,4410,4610,5040
180198,3025,3310,3455,3745,4030,4410,4610,5040
180200,2210,2345,2485,2760,3175,3450,3590,4080
180202,2210,2345,2485,2760,3175,3450,3590,4080
180204,2590,2880,3025,3310,3745,4175,4320,4680
180206,3450,3890,4030,4175,4320,4750,4895,5520
180208,3310,3600,3745,3890,4175,4610,4895,5280
180210,3450,3865,4000,4140,4415,4830,4970,5405
180212,2450,2735,2880,3170,3600,3890,4030,4440
180214,2450,2735,2880,3170,3600,3890,4030,4440
180216,2450,2735,2880,3170,3600,3890,4030,4440
180218,3025,3310,3455,3745,4030,4410,4610,5040
180220,1560,1690,1820,1950,2080,2335,2570,2830
180222,2210,2345,2485,2760,3175,3450,3590,4080
180224,1930,2070,2210,2450,2620,2900,3025,3480
180225,1930,2070,2210,2450,2620,2900,3025,3480
180226,1765,1900,2035,2170,2440,2710,2850,3185
180228,970,1090,1210,1330,1515,1635,1695,1930
180229,2210,2345,2485,2760,3175,3450,3590,4080
180230,970,1090,1210,1330,1515,1635,1695,1930
180232,1560,1690,1820,1950,2080,2335,2570,2830
180233,970,1090,1210,1330,1515,1635,1695,1930
180234,2210,2345,2485,2760,3175,3450,3590,4080
180235,2210,2345,2485,2760,3175,3450,3590,4080
180236,970,1090,1210,1330,1515,1635,1695,1930
180238,970,1090,1210,1330,1515,1635,1695,1930
180240,970,1090,1210,1330,1515,1635,1695,1930
180241,970,1090,1210,1330,1515,1635,1695,1930
180242,970,1090,1210,1330,1515,1635,1695,1930
180243,970,1090,1210,1330,1515,1635,1695,1930
180244,970,1090,1210,1330,1515,1635,1695,1930
180246,970,1090,1210,1330,1515,1635,1695,1930
180248,970,1090,1210,1330,1515,1635,1695,1930
180250,970,1090,1210,1330,1515,1635,1695,1930
180252,1200,1315,1505,1630,1755,1880,2005,2390
180254,1200,1315,1505,1630,1755,1880,2005,2390
180256,970,1090,1210,1330,1515,1635,1695,1930
180257,970,1090,1210,1330,1515,1635,1695,1930
180258,970,1090,1210,1330,1515,1635,1695,1930
180260,970,1090,1210,1330,1515,1635,1695,1930
180262,970,1090,1210,1330,1515,1635,1695,1930
180264,970,1090,1210,1330,1515,1635,1695,1930
180266,970,1090,1210,1330,1515,1635,1695,1930
180268,970,1090,1210,1330,1515,1635,1695,1930
180270,970,1090,1210,1330,1515,1635,1695,1930
180272,1765,1900,2035,2170,2440,2710,2850,3185
180273,1765,1900,2035,2170,2440,2710,2850,3185
181346,690,750,810,925,1040,1100,1215,1420
181348,950,1070,1130,1250,1365,1485,1545,1840
181350,950,1070,1130,1250,1365,1485,1545,1840
181352,1405,1530,1660,1785,1915,2170,2300,2550
181354,1560,1690,1820,1950,2080,2335,2570,2830
181356,815,935,1050,1110,1165,1285,1400,1645
181360,815,935,1050,1110,1165,1285,1400,1645
182285,815,935,1050,1110,1165,1285,1400,1645
182286,815,935,1050,1110,1165,1285,1400,1645
182287,815,935,1050,1110,1165,1285,1400,1645
182288,1405,1530,1660,1785,1915,2170,2300,2550
182289,1930,2070,2210,2450,2620,2900,3025,3480
182290,1405,1530,1660,1785,1915,2170,2300,2550
182291,1405,1530,1660,1785,1915,2170,2300,2550
182292,1765,1900,2035,2170,2440,2710,2850,3185
182293,1765,1900,2035,2170,2440,2710,2850,3185
182294,950,1070,1130,1250,1365,1485,1545,1840
182295,815,935,1050,1110,1165,1285,1400,1645
182296,950,1070,1130,1250,1365,1485,1545,1840
182297,815,935,1050,1110,1165,1285,1400,1645
182298,970,1090,1210,1330,1515,1635,1695,1930
182300,815,935,1050,1110,1165,1285,1400,1645
183082,1110,1230,1355,1480,1665,1785,1850,2130
183083,1110,1230,1355,1480,1665,1785,1850,2130
183084,970,1090,1210,1330,1515,1635,1695,1930
183085,970,1090,1210,1330,1515,1635,1695,1930
183086,1110,1230,1355,1480,1665,1785,1850,2130
183087,1405,1530,1660,1785,1915,2170,2300,2550
183088,1930,2070,2210,2450,2620,2900,3025,3480
183089,1110,1230,1355,1480,1665,1785,1850,2130
183090,1405,1530,1660,1785,1915,2170,2300,2550
183091,1110,1230,1355,1480,1665,1785,1850,2130
183092,1405,1530,1660,1785,1915,2170,2300,2550
184090,970,1090,1210,1330,1515,1635,1695,1930
184091,1110,1230,1355,1480,1665,1785,1850,2130
184092,1405,1530,1660,1785,1915,2170,2300,2550
184093,2450,2735,2880,3170,3600,3890,4030,4440
184094,2210,2345,2485,2760,3175,3450,3590,4080
184095,970,1090,1210,1330,1515,1635,1695,1930
184096,1405,1530,1660,1785,1915,2170,2300,2550
184097,1765,1900,2035,2170,2440,2710,2850,3185
184098,1405,1530,1660,1785,1915,2170,2300,2550
184099,1110,1230,1355,1480,1665,1785,1850,2130
184100,2450,2735,2880,3170,3600,3890,4030,4440
184101,2450,2735,2880,3170,3600,3890,4030,4440
184102,1405,1530,1660,1785,1915,2170,2300,2550
184103,1405,1530,1660,1785,1915,2170,2300,2550
184104,2210,2345,2485,2760,3175,3450,3590,4080
184105,2450,2735,2880,3170,3600,3890,4030,4440
186095,1560,1690,1820,1950,2080,2335,2570,2830
186096,950,1070,1130,1250,1365,1485,1545,1840
186098,1560,1690,1820,1950,2080,2335,2570,2830
186099,970,1090,1210,1330,1515,1635,1695,1930
187072,815,935,1050,1110,1165,1285,1400,1645
187074,1110,1230,1355,1480,1665,1785,1850,2130
187076,1200,1315,1505,1630,1755,1880,2005,2390
188002,815,935,1050,1110,1165,1285,1400,1645
188004,690,750,810,925,1040,1100,1215,1420
188006,815,935,1050,1110,1165,1285,1400,1645
188008,815,935,1050,1110,1165,1285,1400,1645
188010,950,1070,1130,1250,1365,1485,1545,1840
188011,1110,1230,1355,1480,1665,1785,1850,2130
188012,1110,1230,1355,1480,1665,1785,1850,2130
188014,815,935,1050,1110,1165,1285,1400,1645
188900,690,750,810,925,1040,1100,1215,1420
191016,815,935,1050,1110,1165,1285,1400,1645
191018,815,935,1050,1110,1165,1285,1400,1645
191019,950,1070,1130,1250,1365,1485,1545,1840
191020,950,1070,1130,1250,1365,1485,1545,1840
191022,1200,1315,1505,1630,1755,1880,2005,2390
191023,950,1070,1130,1250,1365,1485,1545,1840
191024,950,1070,1130,1250,1365,1485,1545,1840
191025,2210,2345,2485,2760,3175,3450,3590,4080
191026,1110,1230,1355,1480,1665,1785,1850,2130
191027,950,1070,1130,1250,1365,1485,1545,1840
192334,690,750,810,925,1040,1100,1215,1420
192336,950,1070,1130,1250,1365,1485,1545,1840
192337,815,935,1050,1110,1165,1285,1400,1645
192338,1110,1230,1355,1480,1665,1785,1850,2130
192340,815,935,1050,1110,1165,1285,1400,1645
192342,815,935,1050,1110,1165,1285,1400,1645
305100,1090,1160,1210,1330,1450,1570,1620,1650
305101,1090,1160,1210,1330,1450,1570,1620,1650
305900,730,790,850,910,970,1090,1090,1100
319008,730,790,850,910,970,1090,1090,1100
319010,730,790,850,910,970,1090,1090,1100
319900,730,790,850,910,970,1090,1090,1100
330070,1090,1160,1210,1330,1450,1570,1620,1650
330071,910,970,1030,1160,1210,1330,1330,1380
330072,730,790,850,910,970,1090,1090,1100
330900,730,790,850,910,970,1090,1090,1100
331002,730,790,850,910,970,1090,1090,1100
331004,730,790,850,910,970,1090,1090,1100
331006,730,790,850,910,970,1090,1090,1100
331016,730,790,850,910,970,1090,1090,1100
331018,730,790,850,910,970,1090,1090,1100
331101,730,790,850,910,970,1090,1090,1100
360002,730,790,850,910,970,1090,1090,1100
360012,730,790,850,910,970,1090,1090,1100
360014,730,790,850,910,970,1090,1090,1100
360016,730,790,850,910,970,1090,1090,1100
360018,730,790,850,910,970,1090,1090,1100
360020,910,970,1030,1160,1210,1330,1330,1380
360022,730,790,850,910,970,1090,1090,1100
360024,730,790,850,910,970,1090,1090,1100
360026,730,790,850,910,970,1090,1090,1100
360028,730,790,850,910,970,1090,1090,1100
380004,730,790,850,910,970,1090,1090,1100
380006,730,790,850,910,970,1090,1090,1100
380046,730,790,850,910,970,1090,1090,1100
380048,730,790,850,910,970,1090,1090,1100
380050,730,790,850,910,970,1090,1090,1100
380052,730,790,850,910,970,1090,1090,1100
380054,730,790,850,910,970,1090,1090,1100
380058,730,790,850,910,970,1090,1090,1100
380062,730,790,850,910,970,1090,1090,1100
380064,730,790,850,910,970,1090,1090,1100
380066,730,790,850,910,970,1090,1090,1100
380068,730,790,850,910,970,1090,1090,1100
380072,730,790,850,910,970,1090,1090,1100
380074,730,790,850,910,970,1090,1090,1100
380076,730,790,850,910,970,1090,1090,1100
380078,2020,2020,2160,2340,2530,2780,3170,3300
380080,2020,2020,2160,2340,2530,2780,3170,3300
380082,1770,1770,1900,2160,2280,2530,2660,2860
380083,2020,2020,2160,2280,2410,2530,2660,2860
380084,1520,1590,1640,1710,1840,2020,2150,2240
380085,1090,1160,1210,1330,1450,1570,1620,1650
380086,1090,1160,1210,1330,1450,1570,1620,1650
380087,1090,1160,1210,1330,1450,1570,1620,1650
380088,1520,1590,1640,1710,1840,2020,2150,2240
380089,1090,1160,1210,1330,1450,1570,1620,1650
380091,1090,1160,1210,1330,1450,1570,1620,1650
380093,1090,1160,1210,1330,1450,1570,1620,1650
380095,1090,1160,1210,1330,1450,1570,1620,1650
381088,730,790,850,910,970,1090,1090,1100
381090,730,790,850,910,970,1090,1090,1100
381092,730,790,850,910,970,1090,1090,1100
381093,910,970,1030,1160,1210,1330,1330,1380
381094,1090,1160,1210,1330,1450,1570,1620,1650
381095,1090,1160,1210,1330,1450,1570,1620,1650
381096,910,970,1030,1160,1210,1330,1330,1380
381097,910,970,1030,1160,1210,1330,1330,1380
381098,730,790,850,910,970,1090,1090,1100
381100,910,970,1030,1160,1210,1330,1330,1380
381900,730,790,850,910,970,1090,1090,1100
382003,730,790,850,910,970,1090,1090,1100
382030,910,970,1030,1160,1210,1330,1330,1380
382032,730,790,850,910,970,1090,1090,1100
382034,910,970,1030,1160,1210,1330,1330,1380
382036,730,790,850,910,970,1090,1090,1100
382038,730,790,850,910,970,1090,1090,1100
382040,730,790,850,910,970,1090,1090,1100
382042,730,790,850,910,970,1090,1090,1100
382044,730,790,850,910,970,1090,1090,1100
428005,725,750,750,800,900,900,950,1000
428054,725,750,750,800,900,900,950,1000
428056,725,750,750,800,900,900,950,1000
461060,850,900,900,930,950,1000,1100,1250
461900,725,750,750,800,900,900,950,1000
480003,725,750,750,800,900,900,950,1000
480068,900,950,950,1000,1100,1200,1300,1400
480069,900,950,950,1000,1100,1200,1300,1400
480070,900,950,950,1000,1100,1200,1300,1400
480071,900,950,950,1000,1100,1200,1300,1400
480072,900,950,950,1000,1100,1200,1300,1400
480074,900,950,950,1000,1100,1200,1300,1400
480076,900,950,950,1000,1100,1200,1300,1400
480077,950,1050,1050,1100,1250,1350,1450,1650
480078,950,1050,1050,1100,1250,1350,1450,1650
480080,850,900,900,930,950,1000,1100,1250
481082,725,750,750,800,900,900,950,1000
481084,850,900,900,930,950,1000,1100,1250
481900,725,750,750,800,900,900,950,1000
482036,725,750,750,800,900,900,950,1000
482038,725,750,750,800,900,900,950,1000
482042,850,900,900,930,950,1000,1100,1250
482044,900,950,950,1000,1100,1200,1300,1400
482900,725,750,750,800,900,900,950,1000
483004,725,750,750,800,900,900,950,1000
483046,850,900,900,930,950,1000,1100,1250
483048,850,900,900,930,950,1000,1100,1250
483050,900,950,950,1000,1100,1200,1300,1400
483052,900,950,950,1000,1100,1200,1300,1400
484002,725,750,750,800,900,900,950,1000
484006,850,900,900,930,950,1000,1100,1250
484008,850,900,900,930,950,1000,1100,1250
484010,900,950,950,1000,1100,1200,1300,1400
484012,900,950,950,1000,1100,1200,1300,1400
484014,900,950,950,1000,1100,1200,1300,1400
484016,950,1050,1050,1100,1250,1350,1450,1650
484017,850,900,900,930,950,1000,1100,1250
484019,725,750,750,800,900,900,950,1000
484020,725,750,750,800,900,900,950,1000
484022,725,750,750,800,900,900,950,1000
484024,900,950,950,1000,1100,1200,1300,1400
484026,900,950,950,1000,1100,1200,1300,1400
484900,725,750,750,800,900,900,950,1000
486024,850,900,900,930,950,1000,1100,1250
486026,900,950,950,1000,1100,1200,1300,1400
486028,850,900,900,930,950,1000,1100,1250
486030,850,900,900,930,950,1000,1100,1250
486032,850,900,900,930,950,1000,1100,1250
486034,850,900,900,930,950,1000,1100,1250
486900,725,750,750,800,900,900,950,1000
488062,850,900,900,930,950,1000,1100,1250
488064,850,900,900,930,950,1000,1100,1250
488066,900,950,950,1000,1100,1200,1300,1400
488900,725,750,750,800,900,900,950,1000
509098,575,625,675,725,825,925,975,1050
509910,525,575,650,700,725,750,800,950
512911,525,575,650,700,725,750,800,950
513070,550,600,650,700,750,850,900,1000
513072,550,600,650,700,750,850,900,1000
513904,525,575,650,700,725,750,800,950
560096,575,625,675,725,825,925,975,1050
560909,525,575,650,700,725,750,800,950
561068,575,625,675,725,825,925,975,1050
561903,525,575,650,700,725,750,800,950
562050,650,675,725,850,950,1100,1150,1200
562052,575,625,675,725,825,925,975,1050
562901,525,575,650,700,725,750,800,950
563014,575,625,675,725,825,925,975,1050
563058,525,575,650,700,725,750,800,950
563899,525,575,650,700,725,750,800,950
580001,750,800,900,1000,1100,1200,1250,1400
580002,750,800,900,1000,1100,1200,1250,1400
580004,750,800,900,1000,1100,1200,1250,1400
580005,750,800,900,1000,1100,1200,1250,1400
580006,750,800,900,1000,1100,1200,1250,1400
580007,950,1100,1175,1300,1375,1550,1800,1900
580008,950,1100,1175,1300,1375,1550,1800,1900
580009,750,800,900,1000,1100,1200,1250,1400
580010,950,1100,1175,1300,1375,1550,1800,1900
580011,750,800,900,1000,1100,1200,1250,1400
580013,750,800,900,1000,1100,1200,1250,1400
580015,750,800,900,1000,1100,1200,1250,1400
580016,750,800,900,1000,1100,1200,1250,1400
580017,750,800,900,1000,1100,1200,1250,1400
580020,950,1100,1175,1300,1375,1550,1800,1900
580060,650,675,725,850,950,1100,1150,1200
580062,575,625,675,725,825,925,975,1050
580064,575,625,675,725,825,925,975,1050
580066,575,625,675,725,825,925,975,1050
580200,1100,1200,1300,1425,1575,1700,1800,2400
580201,1100,1200,1300,1425,1575,1700,1800,2400
580202,1100,1200,1300,1425,1575,1700,1800,2400
580203,750,800,900,1000,1100,1200,1250,1400
580898,550,600,650,700,750,850,900,1000
580912,525,575,650,700,725,750,800,950
581015,650,675,725,850,950,1100,1150,1200
581016,650,675,725,850,950,1100,1150,1200
581017,650,675,725,850,950,1100,1150,1200
581019,950,1100,1175,1300,1375,1550,1800,1900
581020,950,1100,1175,1300,1375,1550,1800,1900
581021,650,675,725,850,950,1100,1150,1200
581022,650,675,725,850,950,1100,1150,1200
581023,650,675,725,850,950,1100,1150,1200
581024,650,675,725,850,950,1100,1150,1200
581025,650,675,725,850,950,1100,1150,1200
581027,650,675,725,850,950,1100,1150,1200
581029,650,675,725,850,950,1100,1150,1200
581030,650,675,725,850,950,1100,1150,1200
581031,650,675,725,850,950,1100,1150,1200
581032,650,675,725,850,950,1100,1150,1200
581033,650,675,725,850,950,1100,1150,1200
581034,650,675,725,850,950,1100,1150,1200
581035,650,675,725,850,950,1100,1150,1200
581036,650,675,725,850,950,1100,1150,1200
581037,650,675,725,850,950,1100,1150,1200
581038,575,625,675,725,825,925,975,1050
581040,550,600,650,700,750,850,900,1000
581042,550,600,650,700,750,850,900,1000
581044,550,600,650,700,750,850,900,1000
581046,575,625,675,725,825,925,975,1050
581050,650,675,725,850,950,1100,1150,1200
581300,1100,1200,1300,1425,1575,1700,1800,2400
581301,750,800,900,1000,1100,1200,1250,1400
581302,650,675,725,850,950,1100,1150,1200
581303,650,675,725,850,950,1100,1150,1200
581900,550,600,650,700,750,850,900,1000
582054,750,800,900,1000,1100,1200,1250,1400
582056,575,625,675,725,825,925,975,1050
582902,550,600,650,700,750,850,900,1000
583074,750,800,900,1000,1100,1200,1250,1400
583076,650,675,725,850,950,1100,1150,1200
583078,650,675,725,850,950,1100,1150,1200
583079,650,675,725,850,950,1100,1150,1200
583082,575,625,675,725,825,925,975,1050
583084,650,675,725,850,950,1100,1150,1200
583086,650,675,725,850,950,1100,1150,1200
583088,650,675,725,850,950,1100,1150,1200
583905,525,575,650,700,725,750,800,950
583906,525,575,650,700,725,750,800,950
584084,575,625,675,725,825,925,975,1050
584085,650,675,725,850,950,1100,1150,1200
584907,525,575,650,700,725,750,800,950
586088,750,800,900,1000,1100,1200,1250,1400
586090,650,675,725,850,950,1100,1150,1200
586092,575,625,675,725,825,925,975,1050
586094,575,625,675,725,825,925,975,1050
586100,550,600,650,700,750,850,900,1000
586908,525,575,650,700,725,750,800,950
604176,550,570,600,650,700,750,850,950
604180,550,570,600,650,700,750,850,950
604182,700,750,800,850,950,1000,1100,1200
604432,700,750,800,850,950,1000,1100,1200
617096,700,750,800,850,950,1000,1100,1200
617098,800,850,900,950,1000,1100,1200,1300
617100,700,750,800,850,950,1000,1100,1200
617102,800,850,900,950,1000,1100,1200,1300
617104,600,630,650,700,750,800,900,1000
617106,600,630,650,700,750,800,900,1000
617110,550,570,600,650,700,750,850,950
642210,550,570,600,650,700,750,850,950
642212,700,750,800,850,950,1000,1100,1200
643214,550,570,600,650,700,750,850,950
643216,800,850,900,950,1000,1100,1200,1300
662112,700,750,800,850,950,1000,1100,1200
662114,700,750,800,850,950,1000,1100,1200
662116,700,750,800,850,950,1000,1100,1200
662118,700,750,800,850,950,1000,1100,1200
662120,600,630,650,700,750,800,900,1000
662122,550,570,600,650,700,750,850,950
662124,600,630,650,700,750,800,900,1000
662126,600,630,650,700,750,800,900,1000
662128,550,570,600,650,700,750,850,950
662130,550,570,600,650,700,750,850,950
662418,800,850,900,950,1000,1100,1200,1300
662438,700,750,800,850,950,1000,1100,1200
662440,700,750,800,850,950,1000,1100,1200
665056,800,850,900,950,1000,1100,1200,1300
665058,800,850,900,950,1000,1100,1200,1300
665062,600,630,650,700,750,800,900,1000
665068,550,570,600,650,700,750,850,950
680130,800,850,900,950,1000,1100,1200,1300
680132,700,750,800,850,950,1000,1100,1200
680134,550,570,600,650,700,750,850,950
680136,800,850,900,950,1000,1100,1200,1300
680140,700,750,800,850,950,1000,1100,1200
680142,800,850,900,950,1000,1100,1200,1300
680144,850,900,950,1000,1100,1200,1300,1400
680146,850,950,1000,1100,1200,1300,1400,1600
680147,850,900,950,1000,1100,1200,1300,1400
680148,850,950,1000,1100,1200,1300,1400,1600
680150,850,900,950,1000,1100,1200,1300,1400
680152,850,900,950,1000,1100,1200,1300,1400
680153,800,850,900,950,1000,1100,1200,1300
680154,850,950,1000,1100,1200,1300,1400,1600
680155,800,850,900,950,1000,1100,1200,1300
680156,1100,1200,1300,1400,1500,1600,1750,2000
680158,1300,1400,1500,1600,1700,1800,1900,2200
680160,850,950,1000,1100,1200,1300,1400,1600
680161,1100,1200,1300,1400,1500,1600,1750,2000
680162,850,900,950,1000,1100,1200,1300,1400
680163,1100,1200,1300,1400,1500,1600,1750,2000
680164,800,850,900,950,1000,1100,1200,1300
680165,850,950,1000,1100,1200,1300,1400,1600
680166,800,850,900,950,1000,1100,1200,1300
680170,800,850,900,950,1000,1100,1200,1300
680171,1100,1200,1300,1400,1500,1600,1750,2000
680172,800,850,900,950,1000,1100,1200,1300
680174,1100,1200,1300,1400,1500,1600,1750,2000
680402,600,630,650,700,750,800,900,1000
680404,600,630,650,700,750,800,900,1000
680406,600,630,650,700,750,800,900,1000
680408,1100,1200,1300,1400,1500,1600,1750,2000
680410,1300,1400,1500,1600,1700,1800,1900,2200
680412,1300,1400,1500,1600,1700,1800,1900,2200
680414,850,950,1000,1100,1200,1300,1400,1600
680424,850,950,1000,1100,1200,1300,1400,1600
680426,1100,1200,1300,1400,1500,1600,1750,2000
680428,600,630,650,700,750,800,900,1000
680430,600,630,650,700,750,800,900,1000
682196,550,570,600,650,700,750,850,950
682198,550,570,600,650,700,750,850,950
682200,600,630,650,700,750,800,900,1000
682202,700,750,800,850,950,1000,1100,1200
682204,800,850,900,950,1000,1100,1200,1300
682206,800,850,900,950,1000,1100,1200,1300
682208,550,570,600,650,700,750,850,950
682434,550,570,600,650,700,750,850,950
683070,800,850,900,950,1000,1100,1200,1300
683072,850,900,950,1000,1100,1200,1300,1400
683074,600,630,650,700,750,800,900,1000
683076,600,630,650,700,750,800,900,1000
683078,600,630,650,700,750,800,900,1000
683080,600,630,650,700,750,800,900,1000
683082,600,630,650,700,750,800,900,1000
683084,600,630,650,700,750,800,900,1000
683086,600,630,650,700,750,800,900,1000
683092,600,630,650,700,750,800,900,1000
683094,550,570,600,650,700,750,850,950
683416,850,900,950,1000,1100,1200,1300,1400
684046,700,750,800,850,950,1000,1100,1200
684048,550,570,600,650,700,750,850,950
684050,550,570,600,650,700,750,850,950
684052,600,630,650,700,750,800,900,1000
684054,550,570,600,650,700,750,850,950
684436,700,750,800,850,950,1000,1100,1200
685018,700,750,800,850,950,1000,1100,1200
685020,800,850,900,950,1000,1100,1200,1300
685024,600,630,650,700,750,800,900,1000
685026,600,630,650,700,750,800,900,1000
685030,550,570,600,650,700,750,850,950
685032,550,570,600,650,700,750,850,950
685034,550,570,600,650,700,750,850,950
685036,550,570,600,650,700,750,850,950
685038,550,570,600,650,700,750,850,950
685040,550,570,600,650,700,750,850,950
685042,550,570,600,650,700,750,850,950
685044,550,570,600,650,700,750,850,950
685422,800,850,900,950,1000,1100,1200,1300
686002,700,750,800,850,950,1000,1100,1200
686004,800,850,900,950,1000,1100,1200,1300
686006,550,570,600,650,700,750,850,950
686008,550,570,600,650,700,750,850,950
686010,550,570,600,650,700,750,850,950
686012,550,570,600,650,700,750,850,950
686014,550,570,600,650,700,750,850,950
686016,550,570,600,650,700,750,850,950
686420,800,850,900,950,1000,1100,1200,1300
687184,550,570,600,650,700,750,850,950
687186,600,630,650,700,750,800,900,1000
687188,700,750,800,850,950,1000,1100,1200
687190,800,850,900,950,1000,1100,1200,1300
687192,800,850,900,950,1000,1100,1200,1300
760000,550,570,600,650,700,750,850,950
760010,550,600,650,700,750,800,900,1000
760030,550,600,650,700,750,800,900,1000
760040,550,570,600,650,700,750,850,950
760050,550,570,600,650,700,750,850,950
760052,550,570,600,650,700,750,850,950
761000,550,570,600,650,700,750,850,950
761010,550,600,650,700,750,800,900,1000
761020,550,600,650,700,750,800,900,1000
761030,550,570,600,650,700,750,850,950
761040,550,570,600,650,700,750,850,950
763000,550,570,600,650,700,750,850,950
763010,700,750,800,850,900,950,1100,1300
763020,550,570,600,650,700,750,850,950
763040,550,570,600,650,700,750,850,950
763050,550,570,600,650,700,750,850,950
763060,550,570,600,650,700,750,850,950
763070,550,570,600,650,700,750,850,950
764000,550,570,600,650,700,750,850,950
764010,700,750,800,850,900,950,1100,1300
764012,700,750,800,850,900,950,1100,1300
764050,550,600,650,700,750,800,900,1000
764090,550,600,650,700,750,800,900,1000
765000,550,570,600,650,700,750,850,950
765010,700,750,800,850,900,950,1100,1300
765012,700,750,800,850,900,950,1100,1300
765030,550,570,600,650,700,750,850,950
765040,550,570,600,650,700,750,850,950
765042,550,570,600,650,700,750,850,950
767000,550,570,600,650,700,750,850,950
767010,700,750,800,850,900,950,1100,1300
767012,550,570,600,650,700,750,850,950
767030,550,570,600,650,700,750,850,950
767032,550,570,600,650,700,750,850,950
780000,550,570,600,650,700,750,850,950
780010,1100,1200,1250,1350,1400,1600,1800,2000
780012,1100,1200,1250,1350,1400,1600,1800,2000
780020,1100,1200,1250,1350,1400,1600,1800,2000
780030,1100,1200,1250,1350,1400,1600,1800,2000
780032,550,600,650,700,750,800,900,1000
780040,850,900,950,1000,1100,1200,1300,1600
780050,850,900,950,1000,1100,1200,1300,1600
780060,850,900,950,1000,1100,1200,1300,1600
780065,850,900,950,1000,1100,1200,1300,1600
780070,850,900,950,1000,1100,1200,1300,1600
780075,850,900,950,1000,1100,1200,1300,1600
780080,550,600,650,700,750,800,900,1000
780160,550,570,600,650,700,750,850,950
780180,700,750,800,850,900,950,1100,1300
780200,700,750,800,850,900,950,1100,1300
780210,550,600,650,700,750,800,900,1000
780240,550,600,650,700,750,800,900,1000
781000,550,570,600,650,700,750,850,950
781010,700,750,800,850,900,950,1100,1300
781012,700,750,800,850,900,950,1100,1300
781014,700,750,800,850,900,950,1100,1300
781080,550,600,650,700,750,800,900,1000
821060,700,750,800,900,1000,1100,1200,1500
821062,600,650,700,750,800,900,1000,1350
821064,600,650,700,750,800,900,1000,1350
821900,600,650,700,750,800,900,1000,1350
834160,600,650,700,750,800,900,1000,1350
834162,700,750,800,900,1000,1100,1200,1500
834164,600,650,700,750,800,900,1000,1350
834166,600,650,700,750,800,900,1000,1350
834900,600,650,700,750,800,900,1000,1350
840150,700,750,800,900,1000,1100,1200,1500
840151,700,750,800,900,1000,1100,1200,1500
840152,600,650,700,750,800,900,1000,1350
840900,600,650,700,750,800,900,1000,1350
860030,700,750,800,900,1000,1100,1200,1500
860032,600,650,700,750,800,900,1000,1350
860034,600,650,700,750,800,900,1000,1350
860036,600,650,700,750,800,900,1000,1350
860038,600,650,700,750,800,900,1000,1350
860040,600,650,700,750,800,900,1000,1350
860042,600,650,700,750,800,900,1000,1350
860044,600,650,700,750,800,900,1000,1350
860046,600,650,700,750,800,900,1000,1350
860900,600,650,700,750,800,900,1000,1350
861070,600,650,700,750,800,900,1000,1350
861072,600,650,700,750,800,900,1000,1350
861074,600,650,700,750,800,900,1000,1350
861076,600,650,700,750,800,900,1000,1350
861078,600,650,700,750,800,900,1000,1350
861079,600,650,700,750,800,900,1000,1350
861900,600,650,700,750,800,900,1000,1350
862140,700,750,800,900,1000,1100,1200,1500
862142,600,650,700,750,800,900,1000,1350
862900,600,650,700,750,800,900,1000,1350
880090,600,650,700,750,800,900,1000,1350
880092,600,650,700,750,800,900,1000,1350
880094,700,750,800,900,1000,1100,1200,1500
880100,700,750,800,900,1000,1100,1200,1500
880102,850,900,950,1000,1100,1200,1300,1700
880103,1000,1100,1200,1300,1400,1500,1650,2000
880104,850,900,950,1000,1100,1200,1300,1700
880105,1000,1100,1200,1300,1400,1500,1650,2000
880106,850,900,950,1000,1100,1200,1300,1700
880107,1000,1100,1200,1300,1400,1500,1650,2000
880112,700,750,800,900,1000,1100,1200,1500
880114,700,750,800,900,1000,1100,1200,1500
880116,700,750,800,900,1000,1100,1200,1500
880118,600,650,700,750,800,900,1000,1350
880119,700,750,800,900,1000,1100,1200,1500
880120,700,750,800,900,1000,1100,1200,1500
880122,700,750,800,900,1000,1100,1200,1500
880124,600,650,700,750,800,900,1000,1350
880900,600,650,700,750,800,900,1000,1350
881130,700,750,800,900,1000,1100,1200,1500
881132,600,650,700,750,800,900,1000,1350
881900,600,650,700,750,800,900,1000,1350
882052,850,900,950,1000,1100,1200,1300,1700
882054,700,750,800,900,1000,1100,1200,1500
882055,600,650,700,750,800,900,1000,1350
882056,600,650,700,750,800,900,1000,1350
882057,600,650,700,750,800,900,1000,1350
882058,600,650,700,750,800,900,1000,1350
882900,600,650,700,750,800,900,1000,1350
883002,600,650,700,750,800,900,1000,1350
883004,600,650,700,750,800,900,1000,1350
883006,850,900,950,1000,1100,1200,1300,1700
883008,850,900,950,1000,1100,1200,1300,1700
883010,700,750,800,900,1000,1100,1200,1500
883012,600,650,700,750,800,900,1000,1350
883013,600,650,700,750,800,900,1000,1350
883014,600,650,700,750,800,900,1000,1350
883015,600,650,700,750,800,900,1000,1350
883016,600,650,700,750,800,900,1000,1350
883017,600,650,700,750,800,900,1000,1350
883018,600,650,700,750,800,900,1000,1350
883900,600,650,700,750,800,900,1000,1350
884020,850,900,950,1000,1100,1200,1300,1700
884022,700,750,800,900,1000,1100,1200,1500
884023,700,750,800,900,1000,1100,1200,1500
884024,600,650,700,750,800,900,1000,1350
884026,600,650,700,750,800,900,1000,1350
884028,600,650,700,750,800,900,1000,1350
884029,600,650,700,750,800,900,1000,1350
884900,600,650,700,750,800,900,1000,1350
885080,700,750,800,900,1000,1100,1200,1500
885082,700,750,800,900,1000,1100,1200,1500
885084,600,650,700,750,800,900,1000,1350
885900,600,650,700,750,800,900,1000,1350
980001,600,625,650,725,800,850,950,950
980002,600,625,650,725,800,850,950,950
980004,600,625,650,725,800,850,950,950
980006,650,700,750,800,850,900,985,1100
980008,650,700,750,800,850,900,985,1100
980010,600,625,650,725,800,850,950,950
980012,650,700,750,800,850,900,985,1100
980014,600,625,650,725,800,850,950,950
980016,600,625,650,725,800,850,950,950
980018,800,875,900,950,1100,1175,1275,1450
980020,800,875,900,950,1100,1175,1275,1450
980022,650,700,750,800,850,900,985,1100
980026,850,925,1000,1050,1125,1250,1400,1500
980027,800,875,900,950,1100,1175,1275,1450
980028,800,875,900,950,1100,1175,1275,1450
980029,800,875,900,950,1100,1175,1275,1450
980030,800,875,900,950,1100,1175,1275,1450
980031,850,925,1000,1050,1125,1250,1400,1500
980033,850,925,1000,1050,1125,1250,1400,1500
980034,850,925,1000,1050,1125,1250,1400,1500
980036,850,925,1000,1050,1125,1250,1400,1500
980037,850,925,1000,1050,1125,1250,1400,1500
980038,1200,1300,1400,1500,1550,1650,1725,1800
980040,950,1050,1150,1250,1350,1400,1450,1550
980042,1200,1300,1400,1500,1550,1650,1725,1800
980046,1200,1300,1400,1500,1550,1650,1725,1800
980048,1200,1300,1400,1500,1550,1650,1725,1800
980050,1200,1300,1400,1500,1550,1650,1725,1800
980052,950,1050,1150,1250,1350,1400,1450,1550
980053,950,1050,1150,1250,1350,1400,1450,1550
980054,950,1050,1150,1250,1350,1400,1450,1550
1060070,625,675,725,775,875,950,1000,1100
1060072,625,675,725,775,875,950,1000,1100
1060076,575,625,675,725,775,825,875,1050
1060900,525,575,625,675,725,775,825,1000
1080006,575,625,675,725,775,825,875,1050
1080008,575,625,675,725,775,825,875,1050
1080010,875,925,950,975,1025,1125,1250,1450
1080012,875,925,950,975,1025,1125,1250,1450
1080014,875,925,950,975,1025,1125,1250,1450
1080016,875,925,950,975,1025,1125,1250,1450
1080018,875,925,950,975,1025,1125,1250,1450
1080020,1125,1150,1200,1250,1400,1550,1700,2000
1080022,1125,1150,1200,1250,1400,1550,1700,2000
1080024,1125,1150,1200,1250,1400,1550,1700,2000
1080026,625,675,725,775,875,950,1000,1100
1080900,525,575,625,675,725,775,825,1000
1081028,575,625,675,725,775,825,875,1050
1081030,575,625,675,725,775,825,875,1050
1081032,625,675,725,775,875,950,1000,1100
1081034,875,925,950,975,1025,1125,1250,1450
1081036,875,925,950,975,1025,1125,1250,1450
1081038,625,675,725,775,875,950,1000,1100
1081040,575,625,675,725,775,825,875,1050
1081900,525,575,625,675,725,775,825,1000
1082042,625,675,725,775,875,950,1000,1100
1082044,875,925,950,975,1025,1125,1250,1450
1082046,875,925,950,975,1025,1125,1250,1450
1082052,875,925,950,975,1025,1125,1250,1450
1082060,575,625,675,725,775,825,875,1050
1082062,575,625,675,725,775,825,875,1050
1082064,575,625,675,725,775,825,875,1050
1082900,525,575,625,675,725,775,825,1000
1083078,625,675,725,775,875,950,1000,1100
1083082,575,625,675,725,775,825,875,1050
1083084,575,625,675,725,775,825,875,1050
1083086,625,675,725,775,875,950,1000,1100
1083088,625,675,725,775,875,950,1000,1100
1083090,575,625,675,725,775,825,875,1050
1083900,525,575,625,675,725,775,825,1000
1214002,600,675,700,750,800,900,1000,1250
1214004,800,850,900,1000,1100,1200,1350,1450
1230002,600,675,700,750,800,900,1000,1250
1230003,600,675,700,750,800,900,1000,1250
1230004,800,850,900,1000,1100,1200,1350,1450
1231002,600,675,700,750,800,900,1000,1250
1231004,950,1050,1150,1250,1300,1400,1550,1700
1231006,800,850,900,1000,1100,1200,1350,1450
1231008,600,675,700,750,800,900,1000,1250
1233002,600,675,700,750,800,900,1000,1250
1233004,800,850,900,1000,1100,1200,1350,1450
1233006,800,850,900,1000,1100,1200,1350,1450
1256002,600,650,700,750,800,850,900,1100
1257002,600,650,700,750,800,850,900,1100
1257004,700,750,800,900,1000,1100,1200,1400
1257006,700,750,800,900,1000,1100,1200,1400
1260002,600,675,700,750,800,900,1000,1250
1260004,800,850,900,1000,1100,1200,1350,1450
1260006,600,675,700,750,800,900,1000,1250
1260008,600,675,700,750,800,900,1000,1250
1261002,600,675,700,750,800,900,1000,1250
1261004,800,850,900,1000,1100,1200,1350,1450
1261006,800,850,900,1000,1100,1200,1350,1450
1261008,800,850,900,1000,1100,1200,1350,1450
1262002,600,675,700,750,800,900,1000,1250
1262004,800,850,900,1000,1100,1200,1350,1450
1262006,800,850,900,1000,1100,1200,1350,1450
1263002,600,675,700,750,800,900,1000,1250
1263004,800,850,900,1000,1100,1200,1350,1450
1264002,600,675,700,750,800,900,1000,1250
1264004,600,675,700,750,800,900,1000,1250
1265002,600,675,700,750,800,900,1000,1250
1265004,600,675,700,750,800,900,1000,1250
1265006,800,850,900,1000,1100,1200,1350,1450
1266002,600,675,700,750,800,900,1000,1250
1266004,600,675,700,750,800,900,1000,1250
1266006,800,850,900,1000,1100,1200,1350,1450
1267002,600,675,700,750,800,900,1000,1250
1267004,600,675,700,750,800,900,1000,1250
1267006,800,850,900,1000,1100,1200,1350,1450
1270002,600,650,700,750,800,850,900,1100
1270004,700,750,800,900,1000,1100,1200,1400
1272002,600,650,700,750,800,850,900,1100
1272004,700,750,800,900,1000,1100,1200,1400
1272006,700,750,800,900,1000,1100,1200,1400
1273002,600,650,700,750,800,850,900,1100
1273004,700,750,800,900,1000,1100,1200,1400
1273006,700,750,800,900,1000,1100,1200,1400
1275002,600,650,700,750,800,850,900,1100
1275004,700,750,800,900,1000,1100,1200,1400
1275006,700,750,800,900,1000,1100,1200,1400
1276002,600,650,700,750,800,850,900,1100
1276004,700,750,800,900,1000,1100,1200,1400
1276006,700,750,800,900,1000,1100,1200,1400
1277002,600,675,700,750,800,900,1000,1250
1277004,700,750,800,900,1000,1100,1200,1400
1277006,700,750,800,900,1000,1100,1200,1400
1277008,700,750,800,900,1000,1100,1200,1400
1277010,700,750,800,900,1000,1100,1200,1400
1278002,600,675,700,750,800,900,1000,1250
1278004,700,750,800,900,1000,1100,1200,1400
1278006,700,750,800,900,1000,1100,1200,1400
1278008,900,950,1050,1100,1250,1350,1450,1550
1278010,900,950,1050,1100,1250,1350,1450,1550
1280002,950,1050,1150,1250,1300,1400,1550,1700
1280003,950,1050,1150,1250,1300,1400,1550,1700
1280004,950,1050,1150,1250,1300,1400,1550,1700
1280005,950,1050,1150,1250,1300,1400,1550,1700
1280006,950,1050,1150,1250,1300,1400,1550,1700
1280008,950,1050,1150,1250,1300,1400,1550,1700
1280010,1000,1050,1100,1150,1250,1400,1600,1750
1280012,1000,1050,1100,1150,1250,1400,1600,1750
1280014,1500,1600,1700,1800,1900,2000,2200,2400
1280016,1600,1700,1800,1900,2000,2200,2400,2600
1280018,1700,1800,1900,2000,2200,2400,2600,3000
1280020,1500,1600,1700,1800,1900,2000,2200,2400
1280022,1600,1700,1800,1900,2000,2200,2400,2600
1280024,1500,1600,1700,1800,1900,2000,2200,2400
1280026,1500,1600,1700,1800,1900,2000,2200,2400
1280030,1600,1700,1800,1900,2000,2200,2400,2600
1280031,1700,1800,1900,2000,2200,2400,2600,3000
1281002,600,675,700,750,800,900,1000,1250
1281004,800,850,900,1000,1100,1200,1350,1450
1281006,800,850,900,1000,1100,1200,1350,1450
1281008,800,850,900,1000,1100,1200,1350,1450
1281010,800,850,900,1000,1100,1200,1350,1450
1281016,950,1050,1150,1250,1300,1400,1550,1700
1281018,950,1050,1150,1250,1300,1400,1550,1700
1281020,1000,1050,1100,1150,1250,1400,1600,1750
1281022,1500,1600,1700,1800,1900,2000,2200,2400
1281023,950,1050,1150,1250,1300,1400,1550,1700
1281024,1500,1600,1700,1800,1900,2000,2200,2400
1281026,1500,1600,1700,1800,1900,2000,2200,2400
1281028,1500,1600,1700,1800,1900,2000,2200,2400
1282002,600,675,700,750,800,900,1000,1250
1282004,800,850,900,1000,1100,1200,1350,1450
1282006,800,850,900,1000,1100,1200,1350,1450
1282008,950,1050,1150,1250,1300,1400,1550,1700
1282010,950,1050,1150,1250,1300,1400,1550,1700
1282011,950,1050,1150,1250,1300,1400,1550,1700
1282012,1000,1050,1100,1150,1250,1400,1600,1750
1283002,600,675,700,750,800,900,1000,1250
1283004,600,675,700,750,800,900,1000,1250
1283006,600,675,700,750,800,900,1000,1250
1283008,950,1050,1150,1250,1300,1400,1550,1700
1283010,950,1050,1150,1250,1300,1400,1550,1700
1283012,950,1050,1150,1250,1300,1400,1550,1700
1283013,950,1050,1150,1250,1300,1400,1550,1700
1283014,950,1050,1150,1250,1300,1400,1550,1700
1283016,1500,1600,1700,1800,1900,2000,2200,2400
1283017,1500,1600,1700,1800,1900,2000,2200,2400
1283018,1500,1600,1700,1800,1900,2000,2200,2400
1283020,1000,1050,1100,1150,1250,1400,1600,1750
1283022,1500,1600,1700,1800,1900,2000,2200,2400
1283024,800,850,900,1000,1100,1200,1350,1450
1283026,950,1050,1150,1250,1300,1400,1550,1700
1283028,950,1050,1150,1250,1300,1400,1550,1700
1283030,950,1050,1150,1250,1300,1400,1550,1700
1283032,800,850,900,1000,1100,1200,1350,1450
1283034,950,1050,1150,1250,1300,1400,1550,1700
1283036,800,850,900,1000,1100,1200,1350,1450
1284002,600,675,700,750,800,900,1000,1250
1284004,800,850,900,1000,1100,1200,1350,1450
1284006,950,1050,1150,1250,1300,1400,1550,1700
1284008,800,850,900,1000,1100,1200,1350,1450
1285002,600,675,700,750,800,900,1000,1250
1285004,600,675,700,750,800,900,1000,1250
1285006,800,850,900,1000,1100,1200,1350,1450
1285008,950,1050,1150,1250,1300,1400,1550,1700
1286002,600,675,700,750,800,900,1000,1250
1286004,800,850,900,1000,1100,1200,1350,1450
1286008,800,850,900,1000,1100,1200,1350,1450
1286010,950,1050,1150,1250,1300,1400,1550,1700
1286012,950,1050,1150,1250,1300,1400,1550,1700
1286014,950,1050,1150,1250,1300,1400,1550,1700
1286016,1000,1050,1100,1150,1250,1400,1600,1750
1286018,950,1050,1150,1250,1300,1400,1550,1700
1287002,600,675,700,750,800,900,1000,1250
1287004,800,850,900,1000,1100,1200,1350,1450
1287006,950,1050,1150,1250,1300,1400,1550,1700
1287008,800,850,900,1000,1100,1200,1350,1450
1287010,1000,1050,1100,1150,1250,1400,1600,1750
1287012,800,850,900,1000,1100,1200,1350,1450
1290002,600,650,700,750,800,850,900,1100
1290006,700,750,800,900,1000,1100,1200,1400
1290008,900,950,1050,1100,1250,1350,1450,1550
1290016,700,750,800,900,1000,1100,1200,1400
1290020,700,750,800,900,1000,1100,1200,1400
1290023,700,750,800,900,1000,1100,1200,1400
1290024,900,950,1050,1100,1250,1350,1450,1550
1290026,1000,1050,1100,1150,1250,1400,1600,1750
1290028,1000,1050,1100,1150,1250,1400,1600,1750
1290030,900,950,1050,1100,1250,1350,1450,1550
1290032,900,950,1050,1100,1250,1350,1450,1550
1291002,600,650,700,750,800,850,900,1100
1291004,700,750,800,900,1000,1100,1200,1400
1291006,900,950,1050,1100,1250,1350,1450,1550
1292002,600,675,700,750,800,900,1000,1250
1292004,900,950,1050,1100,1250,1350,1450,1550
1292006,1000,1050,1100,1150,1250,1400,1600,1750
1292008,1000,1050,1100,1150,1250,1400,1600,1750
1292010,900,950,1050,1100,1250,1350,1450,1550
1292012,700,750,800,900,1000,1100,1200,1400
1293002,600,650,700,750,800,850,900,1100
1293004,700,750,800,900,1000,1100,1200,1400
1293006,900,950,1050,1100,1250,1350,1450,1550
1293008,900,950,1050,1100,1250,1350,1450,1550
1293012,700,750,800,900,1000,1100,1200,1400
1315052,500,525,550,575,625,750,800,1225
1315054,500,525,575,625,700,750,825,1250
1315055,500,525,575,625,700,750,825,1250
1315056,500,525,575,625,700,750,825,1250
1315058,500,525,575,625,700,750,825,1250
1315060,500,525,575,625,700,750,825,1250
1315062,500,525,575,625,700,750,825,1250
1380064,625,675,700,725,775,850,975,1300
1380066,650,675,700,725,800,850,925,1350
1380068,650,675,700,725,800,850,925,1350
1380070,650,675,700,725,800,850,925,1350
1380072,625,675,700,725,775,850,975,1300
1380074,650,675,700,725,800,850,925,1350
1380076,625,675,700,725,775,850,975,1300
1380078,650,675,700,725,800,850,925,1350
1380080,625,675,700,725,775,850,975,1300
1380082,625,675,700,725,775,850,975,1300
1380085,700,800,850,900,975,1125,1225,1600
1380086,700,800,850,900,975,1125,1225,1600
1380087,700,800,850,900,975,1125,1225,1600
1380088,900,950,1000,1050,1125,1175,1375,1700
1380089,900,950,1000,1050,1125,1175,1375,1700
1380090,950,1000,1125,1150,1225,1275,1475,1850
1380092,700,800,850,900,975,1125,1225,1600
1380096,625,675,700,725,775,850,975,1300
1380098,625,675,700,725,775,850,975,1300
1380130,500,525,550,575,625,750,800,1225
1381100,625,675,700,725,775,850,975,1300
1381102,650,675,700,725,800,850,925,1350
1381104,650,675,700,725,800,850,925,1350
1381106,650,675,700,725,800,850,925,1350
1381108,650,675,700,725,800,850,925,1350
1381110,700,800,850,900,975,1125,1225,1600
1381112,700,800,850,900,975,1125,1225,1600
1381114,700,800,850,900,975,1125,1225,1600
1381116,625,675,700,725,775,850,975,1300
1381118,650,675,700,725,800,850,925,1350
1381120,625,675,700,725,775,850,975,1300
1381122,650,675,700,725,800,850,925,1350
1381124,650,675,700,725,800,850,925,1350
1381132,500,525,550,575,625,750,800,1225
1382036,625,675,700,725,775,850,975,1300
1382037,700,800,850,900,975,1125,1225,1600
1382038,625,700,750,850,950,1100,1225,1475
1382040,650,675,700,725,800,850,925,1350
1382042,700,800,850,900,975,1125,1225,1600
1382044,700,800,850,900,975,1125,1225,1600
1382046,900,950,1000,1050,1125,1175,1375,1700
1382047,900,950,1000,1050,1125,1175,1375,1700
1382048,625,675,700,725,775,850,975,1300
1382050,625,675,700,725,775,850,975,1300
1382128,500,525,550,575,625,750,800,1225
1383022,625,675,700,725,775,850,975,1300
1383024,650,675,700,725,800,850,925,1350
1383026,700,800,850,900,975,1125,1225,1600
1383028,625,700,750,850,950,1100,1225,1475
1383030,950,1000,1100,1150,1225,1275,1475,1800
1383032,625,675,700,725,775,850,975,1300
1383034,625,675,700,725,775,850,975,1300
1383038,625,675,700,725,775,850,975,1300
1383126,500,525,550,575,625,750,800,1225
1384002,700,800,850,900,975,1125,1225,1600
1384004,700,800,850,900,975,1125,1225,1600
1384006,700,800,850,900,975,1125,1225,1600
1384010,900,950,1000,1050,1125,1175,1375,1700
1384011,900,950,1000,1050,1125,1175,1375,1700
1384012,950,1000,1100,1250,1375,1425,1525,1700
1384013,900,950,1000,1050,1125,1175,1375,1700
1384014,700,800,850,900,975,1125,1225,1600
1384016,700,800,850,900,975,1125,1225,1600
1384020,625,675,700,725,775,850,975,1300
1384134,700,800,850,900,975,1125,1225,1600
1384135,700,800,850,900,975,1125,1225,1600
1401162,850,950,1000,1000,1050,1200,1200,1250
1401164,950,1000,1100,1200,1350,1400,1500,1700
1401166,950,1000,1100,1200,1350,1400,1500,1700
1401168,850,950,1000,1000,1050,1200,1200,1250
1401169,700,750,825,875,925,975,1025,1150
1401171,950,1000,1100,1200,1350,1400,1500,1700
1401172,700,750,825,875,925,975,1025,1150
1401173,650,675,725,800,825,875,975,1050
1402172,900,950,1050,1100,1150,1250,1350,1450
1402174,950,1000,1050,1100,1300,1350,1450,1600
1402176,950,1000,1100,1200,1350,1400,1500,1700
1402177,950,1000,1100,1200,1350,1400,1500,1700
1402178,900,950,1050,1100,1150,1250,1350,1450
1402179,850,950,1000,1000,1050,1200,1200,1250
1402180,700,750,825,875,925,975,1025,1150
1402900,900,950,1050,1100,1150,1250,1350,1450
1407047,950,1000,1050,1100,1300,1350,1450,1600
1407048,950,1000,1050,1100,1300,1350,1450,1600
1415036,525,550,600,650,700,750,850,1050
1415038,850,950,1000,1000,1050,1200,1200,1250
1415040,950,1000,1050,1100,1300,1350,1450,1600
1415042,525,550,600,650,700,750,850,1050
1415044,850,950,1000,1000,1050,1200,1200,1250
1419034,650,675,725,800,825,875,975,1050
1419036,850,950,1000,1000,1050,1200,1200,1250
1421032,650,675,725,800,825,875,975,1050
1421034,900,950,1050,1100,1150,1250,1350,1450
1427014,650,675,725,800,825,875,975,1050
1427016,900,950,1050,1100,1150,1250,1350,1450
1430010,650,675,725,800,825,875,975,1050
1430011,525,550,600,650,700,750,850,1050
1430012,525,550,600,650,700,750,850,1050
1435007,900,950,1050,1100,1150,1250,1350,1450
1435008,475,500,550,600,650,750,800,1000
1435009,900,950,1050,1100,1150,1250,1350,1450
1435010,650,675,725,800,825,875,975,1050
1435011,650,675,725,800,825,875,975,1050
1438166,475,500,550,600,650,750,800,1000
1438168,650,700,750,825,875,925,950,1100
1439192,525,550,600,650,700,750,850,1050
1439194,650,675,725,800,825,875,975,1050
1439900,475,500,550,600,650,750,800,1000
1440022,525,550,600,650,700,750,850,1050
1440028,850,950,1000,1000,1050,1200,1200,1250
1440080,850,950,1000,1000,1050,1200,1200,1250
1441030,650,675,725,800,825,875,975,1050
1441032,850,950,1000,1000,1050,1200,1200,1250
1441034,700,750,825,875,925,975,1025,1150
1441036,950,1000,1050,1100,1300,1350,1450,1600
1441042,650,675,725,800,825,875,975,1050
1441044,850,950,1000,1000,1050,1200,1200,1250
1442062,650,675,725,800,825,875,975,1050
1442900,525,550,600,650,700,750,850,1050
1443128,525,550,600,650,700,750,850,1050
1443130,650,675,725,800,825,875,975,1050
1443900,525,550,600,650,700,750,850,1050
1444058,650,675,725,800,825,875,975,1050
1444900,475,500,550,600,650,750,800,1000
1445066,525,550,600,650,700,750,850,1050
1445900,475,500,550,600,650,750,800,1000
1446026,525,550,600,650,700,750,850,1050
1446900,475,500,550,600,650,750,800,1000
1447008,525,550,600,650,700,750,850,1050
1447014,525,550,600,650,700,750,850,1050
1447900,475,500,550,600,650,750,800,1000
1452158,525,550,600,650,700,750,850,1050
1452162,525,550,600,650,700,750,850,1050
1452164,650,675,725,800,825,875,975,1050
1452900,475,500,550,600,650,750,800,1000
1460170,475,500,550,600,650,750,800,1000
1460172,650,700,750,825,875,925,950,1100
1460174,650,700,750,825,875,925,950,1100
1460176,550,600,650,725,800,850,925,1050
1460178,550,600,650,725,800,850,925,1050
1460180,550,600,650,725,800,850,925,1050
1460182,550,600,650,725,800,850,925,1050
1461196,475,500,550,600,650,750,800,1000
1461198,475,500,550,600,650,750,800,1000
1461200,650,675,725,800,825,875,975,1050
1461202,650,675,725,800,825,875,975,1050
1461900,475,500,550,600,650,750,800,1000
1462016,475,500,550,600,650,750,800,1000
1462018,650,675,725,800,825,875,975,1050
1462020,650,675,725,800,825,875,975,1050
1462072,650,675,725,800,825,875,975,1050
1463140,525,550,600,650,700,750,850,1050
1463142,525,550,600,650,700,750,850,1050
1463144,650,675,725,800,825,875,975,1050
1463146,700,750,825,875,925,975,1025,1150
1463148,700,750,825,875,925,975,1025,1150
1463150,525,550,600,650,700,750,850,1050
1463900,525,550,600,650,700,750,850,1050
1465152,525,550,600,650,700,750,850,1050
1465228,650,675,725,800,825,875,975,1050
1465900,475,500,550,600,650,750,800,1000
1466068,525,550,600,650,700,750,850,1050
1466900,475,500,550,600,650,750,800,1000
1470060,525,550,600,650,700,750,850,1050
1470064,650,675,725,800,825,875,975,1050
1470900,525,550,600,650,700,750,850,1050
1471032,650,675,725,800,825,875,975,1050
1471900,475,500,550,600,650,750,800,1000
1472042,650,675,725,800,825,875,975,1050
1472900,475,500,550,600,650,750,800,1000
1473022,525,550,600,650,700,750,850,1050
1473900,475,500,550,600,650,750,800,1000
1473901,475,500,550,600,650,750,800,1000
1480048,950,1000,1050,1100,1300,1350,1450,1600
1480049,950,1000,1050,1100,1300,1350,1450,1600
1480050,700,750,825,875,925,975,1025,1150
1480051,850,950,1000,1000,1050,1200,1200,1250
1480052,850,950,1000,1000,1050,1200,1200,1250
1480053,950,1000,1050,1100,1300,1350,1450,1600
1480054,950,1000,1050,1100,1300,1350,1450,1600
1480055,950,1000,1100,1200,1350,1400,1500,1700
1480056,900,950,1050,1100,1150,1250,1350,1450
1480057,950,1000,1100,1200,1350,1400,1500,1700
1480058,950,1000,1100,1200,1350,1400,1500,1700
1480059,950,1000,1050,1100,1300,1350,1450,1600
1480060,950,1000,1100,1200,1350,1400,1500,1700
1480061,950,1000,1100,1200,1350,1400,1500,1700
1480062,950,1000,1100,1200,1350,1400,1500,1700
1480063,950,1000,1100,1200,1350,1400,1500,1700
1480064,950,1000,1100,1200,1350,1400,1500,1700
1480066,1050,1100,1200,1400,1600,1650,1850,2200
1480067,1350,1400,1600,1750,1900,2150,2200,2550
1480068,1050,1100,1200,1400,1600,1650,1850,2200
1480069,1650,1850,2000,2150,2300,2650,2800,3000
1480070,1350,1400,1600,1750,1900,2150,2200,2550
1480072,1050,1100,1200,1400,1600,1650,1850,2200
1480074,950,1000,1050,1100,1300,1350,1450,1600
1480076,1050,1100,1200,1400,1600,1650,1850,2200
1480078,950,1000,1050,1100,1300,1350,1450,1600
1480082,1050,1100,1200,1400,1600,1650,1850,2200
1480084,950,1000,1050,1100,1300,1350,1450,1600
1480085,1050,1100,1200,1400,1600,1650,1850,2200
1480086,950,1000,1050,1100,1300,1350,1450,1600
1480088,950,1000,1050,1100,1300,1350,1450,1600
1480090,950,1000,1050,1100,1300,1350,1450,1600
1480092,950,1000,1050,1100,1300,1350,1450,1600
1480094,950,1000,1050,1100,1300,1350,1450,1600
1480098,2150,2250,2400,2500,2750,2950,3150,3300
1480102,950,1000,1050,1100,1300,1350,1450,1600
1480106,1050,1100,1200,1400,1600,1650,1850,2200
1480108,1350,1400,1600,1750,1900,2150,2200,2550
1480110,1350,1400,1600,1750,1900,2150,2200,2550
1480112,1350,1400,1600,1750,1900,2150,2200,2550
1480114,1650,1850,2000,2150,2300,2650,2800,3000
1480115,2150,2250,2400,2500,2750,2950,3150,3300
1480116,1650,1850,2000,2150,2300,2650,2800,3000
1480117,1350,1400,1600,1750,1900,2150,2200,2550
1480118,1650,1850,2000,2150,2300,2650,2800,3000
1480119,2300,2350,2600,2750,2850,3100,3300,3600
1480120,2300,2350,2600,2750,2850,3100,3300,3600
1480122,2150,2250,2400,2500,2750,2950,3150,3300
1480123,2150,2250,2400,2500,2750,2950,3150,3300
1480124,2150,2250,2400,2500,2750,2950,3150,3300
1480125,2150,2250,2400,2500,2750,2950,3150,3300
1480126,1650,1850,2000,2150,2300,2650,2800,3000
1480128,1350,1400,1600,1750,1900,2150,2200,2550
1480130,1650,1850,2000,2150,2300,2650,2800,3000
1480132,2300,2350,2600,2750,2850,3100,3300,3600
1480134,1650,1850,2000,2150,2300,2650,2800,3000
1480136,950,1000,1050,1100,1300,1350,1450,1600
1480138,1350,1400,1600,1750,1900,2150,2200,2550
1480139,1050,1100,1200,1400,1600,1650,1850,2200
1480140,950,1000,1050,1100,1300,1350,1450,1600
1480142,950,1000,1050,1100,1300,1350,1450,1600
1480143,1050,1100,1200,1400,1600,1650,1850,2200
1481140,1050,1100,1200,1400,1600,1650,1850,2200
1481142,950,1000,1100,1200,1350,1400,1500,1700
1481144,950,1000,1050,1100,1300,1350,1450,1600
1481146,900,950,1050,1100,1150,1250,1350,1450
1481148,1050,1100,1200,1400,1600,1650,1850,2200
1481150,950,1000,1100,1200,1350,1400,1500,1700
1481152,950,1000,1050,1100,1300,1350,1450,1600
1481154,700,750,825,875,925,975,1025,1150
1481156,900,950,1050,1100,1150,1250,1350,1450
1481158,900,950,1050,1100,1150,1250,1350,1450
1481160,850,950,1000,1000,1050,1200,1200,1250
1482042,650,675,725,800,825,875,975,1050
1482043,950,1000,1050,1100,1300,1350,1450,1600
1482044,850,950,1000,1000,1050,1200,1200,1250
1482045,950,1000,1050,1100,1300,1350,1450,1600
1482046,950,1000,1050,1100,1300,1350,1450,1600
1482047,650,675,725,800,825,875,975,1050
1482048,950,1000,1050,1100,1300,1350,1450,1600
1484016,475,500,550,600,650,750,800,1000
1484017,525,550,600,650,700,750,850,1050
1484018,650,675,725,800,825,875,975,1050
1484020,700,750,825,875,925,975,1025,1150
1484022,700,750,825,875,925,975,1025,1150
1485021,650,675,725,800,825,875,975,1050
1485022,525,550,600,650,700,750,850,1050
1485023,650,675,725,800,825,875,975,1050
1485024,900,950,1050,1100,1150,1250,1350,1450
1485025,900,950,1050,1100,1150,1250,1350,1450
1485026,650,675,725,800,825,875,975,1050
1485028,900,950,1050,1100,1150,1250,1350,1450
1485030,950,1000,1050,1100,1300,1350,1450,1600
1486002,475,500,550,600,650,750,800,1000
1486004,850,950,1000,1000,1050,1200,1200,1250
1486006,900,950,1050,1100,1150,1250,1350,1450
1486007,900,950,1050,1100,1150,1250,1350,1450
1486008,850,950,1000,1000,1050,1200,1200,1250
1486010,850,950,1000,1000,1050,1200,1200,1250
1486012,650,675,725,800,825,875,975,1050
1487206,525,550,600,650,700,750,850,1050
1487208,700,750,825,875,925,975,1025,1150
1487210,700,750,825,875,925,975,1025,1150
1487212,650,675,725,800,825,875,975,1050
1487214,650,675,725,800,825,875,975,1050
1487218,650,675,725,800,825,875,975,1050
1487220,650,675,725,800,825,875,975,1050
1487224,525,550,600,650,700,750,850,1050
1487226,525,550,600,650,700,750,850,1050
1488002,525,550,600,650,700,750,850,1050
1488004,900,950,1050,1100,1150,1250,1350,1450
1488005,900,950,1050,1100,1150,1250,1350,1450
1488006,650,675,725,800,825,875,975,1050
1488008,900,950,1050,1100,1150,1250,1350,1450
1488011,650,675,725,800,825,875,975,1050
1488012,950,1000,1050,1100,1300,1350,1450,1600
1488013,650,675,725,800,825,875,975,1050
1488014,650,675,725,800,825,875,975,1050
1489048,525,550,600,650,700,750,850,1050
1489052,950,1000,1050,1100,1300,1350,1450,1600
1489054,850,950,1000,1000,1050,1200,1200,1250
1489056,525,550,600,650,700,750,850,1050
1489058,650,675,725,800,825,875,975,1050
1490094,650,675,725,800,825,875,975,1050
1490098,850,950,1000,1000,1050,1200,1200,1250
1490100,850,950,1000,1000,1050,1200,1200,1250
1490102,900,950,1050,1100,1150,1250,1350,1450
1490106,900,950,1050,1100,1150,1250,1350,1450
1490108,950,1000,1050,1100,1300,1350,1450,1600
1490109,950,1000,1050,1100,1300,1350,1450,1600
1490110,850,950,1000,1000,1050,1200,1200,1250
1490114,850,950,1000,1000,1050,1200,1200,1250
1490115,850,950,1000,1000,1050,1200,1200,1250
1490117,850,950,1000,1000,1050,1200,1200,1250
1490122,850,950,1000,1000,1050,1200,1200,1250
1490126,650,675,725,800,825,875,975,1050
1490132,650,675,725,800,825,875,975,1050
1490134,650,675,725,800,825,875,975,1050
1490138,525,550,600,650,700,750,850,1050
1490230,650,675,725,800,825,875,975,1050
1490900,525,550,600,650,700,750,850,1050
1491084,525,550,600,650,700,750,850,1050
1491086,650,675,725,800,825,875,975,1050
1491088,650,675,725,800,825,875,975,1050
1491090,700,750,825,875,925,975,1025,1150
1491092,525,550,600,650,700,750,850,1050
1491900,525,550,600,650,700,750,850,1050
1492186,650,700,750,825,875,925,950,1100
1492188,650,700,750,825,875,925,950,1100
1492190,550,600,650,725,800,850,925,1050
1492900,475,500,550,600,650,750,800,1000
1493016,700,750,825,875,925,975,1025,1150
1493018,650,675,725,800,825,875,975,1050
1493900,525,550,600,650,700,750,850,1050
1494036,900,950,1050,1100,1150,1250,1350,1450
1494038,850,950,1000,1000,1050,1200,1200,1250
1494900,525,550,600,650,700,750,850,1050
1495052,700,750,825,875,925,975,1025,1150
1495053,525,550,600,650,700,750,850,1050
1495054,650,675,725,800,825,875,975,1050
1495900,525,550,600,650,700,750,850,1050
1496044,950,1000,1050,1100,1300,1350,1450,1600
1496045,900,950,1050,1100,1150,1250,1350,1450
1496046,950,1000,1050,1100,1300,1350,1450,1600
1496047,900,950,1050,1100,1150,1250,1350,1450
1496048,850,950,1000,1000,1050,1200,1200,1250
1496049,700,750,825,875,925,975,1025,1150
1496050,700,750,825,875,925,975,1025,1150
1496051,700,750,825,875,925,975,1025,1150
1496900,525,550,600,650,700,750,850,1050
1497070,650,675,725,800,825,875,975,1050
1497071,700,750,825,875,925,975,1025,1150
1497900,475,500,550,600,650,750,800,1000
1498074,525,550,600,650,700,750,850,1050
1498900,475,500,550,600,650,750,800,1000
1499068,525,550,600,650,700,750,850,1050
1499076,700,750,825,875,925,975,1025,1150
1499082,650,675,725,800,825,875,975,1050
1499084,525,550,600,650,700,750,850,1050
1499900,525,550,600,650,700,750,850,1050
1715052,550,650,700,750,800,875,975,1000
1715054,650,750,825,875,900,950,1100,1400
1715056,525,650,675,725,750,800,875,950
1730024,525,650,675,725,750,800,875,950
1730026,525,650,675,725,750,800,875,950
1730027,550,650,700,750,800,875,975,1000
1730028,550,650,700,750,800,875,975,1000
1730030,525,650,675,725,750,800,875,950
1730032,550,650,700,750,800,875,975,1000
1730034,525,650,675,725,750,800,875,950
1730036,525,585,600,625,650,750,800,900
1737002,550,650,700,750,800,875,975,1000
1737003,550,650,700,750,800,875,975,1000
1737004,650,750,825,875,900,950,1100,1400
1737006,550,650,700,750,800,875,975,1000
1737007,525,650,675,725,750,800,875,950
1737116,525,585,600,625,650,750,800,900
1760090,525,650,675,725,750,800,875,950
1760091,525,585,600,625,650,750,800,900
1761100,550,650,700,750,800,875,975,1000
1761102,775,825,850,875,950,1325,1350,1450
1761104,525,650,675,725,750,800,875,950
1762016,525,650,675,725,750,800,875,950
1762018,550,650,700,750,800,875,975,1000
1762020,525,585,600,625,650,750,800,900
1763044,525,650,675,725,750,800,875,950
1763046,550,650,700,750,800,875,975,1000
1763048,550,650,700,750,800,875,975,1000
1763050,650,750,825,875,900,950,1100,1400
1763052,525,650,675,725,750,800,875,950
1764062,650,750,825,875,900,950,1100,1400
1764063,650,750,825,875,900,950,1100,1400
1764064,650,750,825,875,900,950,1100,1400
1764066,525,650,675,725,750,800,875,950
1764068,525,650,675,725,750,800,875,950
1764108,525,650,675,725,750,800,875,950
1765056,525,650,675,725,750,800,875,950
1765058,550,650,700,750,800,875,975,1000
1765060,650,750,825,875,900,950,1100,1400
1765062,525,585,600,625,650,750,800,900
1766012,650,750,825,875,900,950,1100,1400
1766014,650,750,825,875,900,950,1100,1400
1766016,525,585,600,625,650,750,800,900
1780067,950,1050,1200,1350,1450,1650,1750,2000
1780069,950,1050,1200,1350,1450,1650,1750,2000
1780070,950,1050,1200,1350,1450,1650,1750,2000
1780072,950,1050,1200,1350,1450,1650,1750,2000
1780074,775,825,850,875,950,1325,1350,1450
1780075,950,1050,1200,1350,1450,1650,1750,2000
1780076,775,825,850,875,950,1325,1350,1450
1780077,775,825,850,875,950,1325,1350,1450
1780078,775,825,850,875,950,1325,1350,1450
1780080,775,825,850,875,950,1325,1350,1450
1780082,525,650,675,725,750,800,875,950
1780084,525,650,675,725,750,800,875,950
1780086,525,650,675,725,750,800,875,950
1780088,525,650,675,725,750,800,875,950
1780090,525,650,675,725,750,800,875,950
1780112,525,650,675,725,750,800,875,950
1781104,650,750,825,875,900,950,1100,1400
1781106,775,825,850,875,950,1325,1350,1450
1781107,775,825,850,875,950,1325,1350,1450
1781108,550,650,700,750,800,875,975,1000
1781109,550,650,700,750,800,875,975,1000
1781110,525,650,675,725,750,800,875,950
1782018,525,650,675,725,750,800,875,950
1782019,525,650,675,725,750,800,875,950
1782020,550,650,700,750,800,875,975,1000
1782022,650,750,825,875,900,950,1100,1400
1782023,525,585,600,625,650,750,800,900
1783006,525,650,675,725,750,800,875,950
1783008,550,650,700,750,800,875,975,1000
1783010,650,750,825,875,900,950,1100,1400
1783012,525,585,600,625,650,750,800,900
1784036,525,650,675,725,750,800,875,950
1784038,650,750,825,875,900,950,1100,1400
1784040,775,825,850,875,950,1325,1350,1450
1784042,775,825,850,875,950,1325,1350,1450
1784114,525,585,600,625,650,750,800,900
1785092,550,650,700,750,800,875,975,1000
1785094,550,650,700,750,800,875,975,1000
1785096,650,750,825,875,900,950,1100,1400
1785098,775,825,850,875,950,1325,1350,1450
1785100,525,585,600,625,650,750,800,900
1814066,750,775,825,850,925,975,1075,1225
1814120,685,710,730,750,775,800,875,925
1814123,725,750,775,825,875,925,975,1075
1860084,725,750,775,825,875,925,975,1075
1860098,750,775,825,850,925,975,1075,1225
1860100,725,750,775,825,875,925,975,1075
1860102,725,750,775,825,875,925,975,1075
1860125,685,710,730,750,775,800,875,925
1861076,750,775,825,850,925,975,1075,1225
1861086,750,775,825,850,925,975,1075,1225
1861088,825,875,925,1000,1100,1150,1200,1250
1861090,750,775,825,850,925,975,1075,1225
1861092,750,775,825,850,925,975,1075,1225
1861094,725,750,775,825,875,925,975,1075
1861132,685,710,730,750,775,800,875,925
1862056,750,775,825,850,925,975,1075,1225
1862058,750,775,825,850,925,975,1075,1225
1862060,750,775,825,850,925,975,1075,1225
1862080,725,750,775,825,875,925,975,1075
1862082,725,750,775,825,875,925,975,1075
1862135,685,710,730,750,775,800,875,925
1863006,750,775,825,850,925,975,1075,1225
1863008,750,775,825,850,925,975,1075,1225
1863010,725,750,775,825,875,925,975,1075
1863117,685,710,730,750,775,800,875,925
1864002,750,775,825,850,925,975,1075,1225
1864004,750,775,825,850,925,975,1075,1225
1864116,685,710,730,750,775,800,875,925
1880036,750,775,825,850,925,975,1075,1225
1880038,725,750,775,825,875,925,975,1075
1880040,725,750,775,825,875,925,975,1075
1880042,725,750,775,825,875,925,975,1075
1880044,750,775,825,850,925,975,1075,1225
1880045,825,875,925,1000,1100,1150,1200,1250
1880046,825,875,925,1000,1100,1150,1200,1250
1880047,825,875,925,1000,1100,1150,1200,1250
1880048,825,875,925,1000,1100,1150,1200,1250
1880049,900,1100,1150,1225,1325,1425,1520,1725
1880050,900,1100,1150,1225,1325,1425,1520,1725
1880051,825,875,925,1000,1100,1150,1200,1250
1880052,1050,1150,1325,1425,1525,1700,1900,2100
1880053,1050,1150,1325,1425,1525,1700,1900,2100
1880054,825,875,925,1000,1100,1150,1200,1250
1880062,725,750,775,825,875,925,975,1075
1880064,825,875,925,1000,1100,1150,1200,1250
1880068,725,750,775,825,875,925,975,1075
1880120,725,750,775,825,875,925,975,1075
1880122,725,750,775,825,875,925,975,1075
1880126,825,875,925,1000,1100,1150,1200,1250
1880128,825,875,925,1000,1100,1150,1200,1250
1881070,750,775,825,850,925,975,1075,1225
1881072,825,875,925,1000,1100,1150,1200,1250
1881074,725,750,775,825,875,925,975,1075
1881078,725,750,775,825,875,925,975,1075
1881122,725,750,775,825,875,925,975,1075
1882096,725,750,775,825,875,925,975,1075
1882104,750,775,825,850,925,975,1075,1225
1882106,825,875,925,1000,1100,1150,1200,1250
1882108,725,750,775,825,875,925,975,1075
1882110,725,750,775,825,875,925,975,1075
1882112,725,750,775,825,875,925,975,1075
1882114,725,750,775,825,875,925,975,1075
1882124,685,710,730,750,775,800,875,925
1883030,750,775,825,850,925,975,1075,1225
1883031,750,775,825,850,925,975,1075,1225
1883032,825,875,925,1000,1100,1150,1200,1250
1883134,685,710,730,750,775,800,875,925
1884020,750,775,825,850,925,975,1075,1225
1884022,825,875,925,1000,1100,1150,1200,1250
1884024,725,750,775,825,875,925,975,1075
1884136,685,710,730,750,775,800,875,925
1885012,725,750,775,825,875,925,975,1075
1885014,750,775,825,850,925,975,1075,1225
1885015,750,775,825,850,925,975,1075,1225
1885016,825,875,925,1000,1100,1150,1200,1250
1885018,725,750,775,825,875,925,975,1075
1885026,750,775,825,850,925,975,1075,1225
1885028,725,750,775,825,875,925,975,1075
1885118,685,710,730,750,775,800,875,925
1885137,685,710,730,750,775,800,875,925
1904032,550,575,625,650,675,700,800,1000
1904900,500,550,600,650,700,750,850,1100
1907030,500,550,600,650,700,750,850,1100
1907034,500,550,600,650,700,750,850,1100
1907038,600,625,675,750,850,900,1000,1200
1907900,500,550,600,650,700,750,850,1100
1960068,500,550,600,650,700,750,850,1100
1960070,600,625,675,750,850,900,1000,1200
1960900,500,550,600,650,700,750,850,1100
1961052,600,625,675,750,850,900,1000,1200
1961054,500,550,600,650,700,750,850,1100
1961056,600,625,675,750,850,900,1000,1200
1961900,500,550,600,650,700,750,850,1100
1962007,550,575,625,650,675,700,800,1000
1962008,550,575,625,650,675,700,800,1000
1962900,500,550,600,650,700,750,850,1100
1980036,600,625,675,750,850,900,1000,1200
1980040,600,625,675,750,850,900,1000,1200
1980042,975,1100,1250,1375,1475,1700,2000,2400
1980043,975,1100,1250,1375,1475,1700,2000,2400
1980044,800,900,950,1025,1250,1350,1450,1700
1980045,800,900,950,1025,1250,1350,1450,1700
1980046,800,900,950,1025,1250,1350,1450,1700
1980047,800,900,950,1025,1250,1350,1450,1700
1980048,800,900,950,1025,1250,1350,1450,1700
1980049,800,900,950,1025,1250,1350,1450,1700
1980050,600,625,675,750,850,900,1000,1200
1980051,800,900,950,1025,1250,1350,1450,1700
1980060,600,625,675,750,850,900,1000,1200
1980140,600,625,675,750,850,900,1000,1200
1981020,800,900,950,1025,1250,1350,1450,1700
1981022,800,900,950,1025,1250,1350,1450,1700
1981024,600,625,675,750,850,900,1000,1200
1981026,600,625,675,750,850,900,1000,1200
1981028,600,625,675,750,850,900,1000,1200
1981900,500,550,600,650,700,750,850,1100
1982010,600,625,675,750,850,900,1000,1200
1982012,600,625,675,750,850,900,1000,1200
1982014,600,625,675,750,850,900,1000,1200
1982100,500,550,600,650,700,750,850,1100
1983056,500,550,600,650,700,750,850,1100
1983058,500,550,600,650,700,750,850,1100
1983062,800,900,950,1025,1250,1350,1450,1700
1983064,800,900,950,1025,1250,1350,1450,1700
1983120,500,550,600,650,700,750,850,1100
1984072,600,625,675,750,850,900,1000,1200
1984074,600,625,675,750,850,900,1000,1200
1984076,600,625,675,750,850,900,1000,1200
1984078,600,625,675,750,850,900,1000,1200
1984900,500,550,600,650,700,750,850,1100
2021044,600,650,700,750,800,925,1025,1050
2021045,675,725,775,825,925,1025,1075,1150
2021900,525,575,625,700,750,825,925,1000
2023007,675,725,775,825,925,1025,1075,1150
2023008,800,850,925,975,1050,1125,1200,1275
2023009,675,725,775,825,925,1025,1075,1150
2023010,800,850,925,975,1050,1125,1200,1275
2023011,675,725,775,825,925,1025,1075,1150
2023012,675,725,775,825,925,1025,1075,1150
2023900,525,575,625,700,750,825,925,1000
2026048,600,650,700,750,800,925,1025,1050
2026049,675,725,775,825,925,1025,1075,1150
2026050,800,850,925,975,1050,1125,1200,1275
2026900,600,650,700,750,800,925,1025,1050
2026901,525,575,625,700,750,825,925,1000
2029027,600,650,700,750,800,925,1025,1050
2029028,675,725,775,825,925,1025,1075,1150
2029029,675,725,775,825,925,1025,1075,1150
2029030,800,850,925,975,1050,1125,1200,1275
2029031,900,925,975,1050,1125,1225,1375,1450
2029900,600,650,700,750,800,925,1025,1050
2029901,600,650,700,750,800,925,1025,1050
2031026,675,725,775,825,925,1025,1075,1150
2031027,800,850,925,975,1050,1125,1200,1275
2031028,800,850,925,975,1050,1125,1200,1275
2031900,600,650,700,750,800,925,1025,1050
2031901,525,575,625,700,750,825,925,1000
2034005,600,650,700,750,800,925,1025,1050
2034006,675,725,775,825,925,1025,1075,1150
2034007,675,725,775,825,925,1025,1075,1150
2034900,525,575,625,700,750,825,925,1000
2039001,600,650,700,750,800,925,1025,1050
2039002,675,725,775,825,925,1025,1075,1150
2039003,675,725,775,825,925,1025,1075,1150
2039004,600,650,700,750,800,925,1025,1050
2039900,525,575,625,700,750,825,925,1000
2061016,675,725,775,825,925,1025,1075,1150
2061017,675,725,775,825,925,1025,1075,1150
2061018,600,650,700,750,800,925,1025,1050
2061900,525,575,625,700,750,825,925,1000
2062013,800,850,925,975,1050,1125,1200,1275
2062014,900,925,975,1050,1125,1225,1375,1450
2062015,900,925,975,1050,1125,1225,1375,1450
2062016,800,850,925,975,1050,1125,1200,1275
2062900,600,650,700,750,800,925,1025,1050
2062901,525,575,625,700,750,825,925,1000
2080031,800,850,925,975,1050,1125,1200,1275
2080032,800,850,925,975,1050,1125,1200,1275
2080033,675,725,775,825,925,1025,1075,1150
2080034,675,725,775,825,925,1025,1075,1150
2080035,675,725,775,825,925,1025,1075,1150
2080036,675,725,775,825,925,1025,1075,1150
2080037,800,850,925,975,1050,1125,1200,1275
2080038,800,850,925,975,1050,1125,1200,1275
2080039,800,850,925,975,1050,1125,1200,1275
2080040,900,925,975,1050,1125,1225,1375,1450
2080041,900,925,975,1050,1125,1225,1375,1450
2080042,950,1000,1050,1125,1250,1350,1525,1625
2080043,950,1000,1050,1125,1250,1350,1525,1625
2080044,900,925,975,1050,1125,1225,1375,1450
2080045,800,850,925,975,1050,1125,1200,1275
2080900,600,650,700,750,800,925,1025,1050
2080901,525,575,625,700,750,825,925,1000
2081056,675,725,775,825,925,1025,1075,1150
2081057,800,850,925,975,1050,1125,1200,1275
2081058,950,1000,1050,1125,1250,1350,1525,1625
2081059,950,1000,1050,1125,1250,1350,1525,1625
2081060,950,1000,1050,1125,1250,1350,1525,1625
2081061,950,1000,1050,1125,1250,1350,1525,1625
2081062,800,850,925,975,1050,1125,1200,1275
2081063,800,850,925,975,1050,1125,1200,1275
2081064,675,725,775,825,925,1025,1075,1150
2081065,675,725,775,825,925,1025,1075,1150
2081066,800,850,925,975,1050,1125,1200,1275
2081067,800,850,925,975,1050,1125,1200,1275
2081068,800,850,925,975,1050,1125,1200,1275
2081069,800,850,925,975,1050,1125,1200,1275
2081900,600,650,700,750,800,925,1025,1050
2082053,675,725,775,825,925,1025,1075,1150
2082054,675,725,775,825,925,1025,1075,1150
2082055,800,850,925,975,1050,1125,1200,1275
2082900,600,650,700,750,800,925,1025,1050
2083062,600,650,700,750,800,925,1025,1050
2083063,600,650,700,750,800,925,1025,1050
2083064,675,725,775,825,925,1025,1075,1150
2083065,800,850,925,975,1050,1125,1200,1275
2083066,675,725,775,825,925,1025,1075,1150
2083900,525,575,625,700,750,825,925,1000
2084065,675,725,775,825,925,1025,1075,1150
2084066,600,650,700,750,800,925,1025,1050
2084067,675,725,775,825,925,1025,1075,1150
2084068,675,725,775,825,925,1025,1075,1150
2084069,800,850,925,975,1050,1125,1200,1275
2084070,800,850,925,975,1050,1125,1200,1275
2084071,600,650,700,750,800,925,1025,1050
2084900,525,575,625,700,750,825,925,1000
2085020,600,650,700,750,800,925,1025,1050
2085021,675,725,775,825,925,1025,1075,1150
2085022,800,850,925,975,1050,1125,1200,1275
2085023,800,850,925,975,1050,1125,1200,1275
2085024,675,725,775,825,925,1025,1075,1150
2085900,600,650,700,750,800,925,1025,1050
2085901,525,575,625,700,750,825,925,1000
2101002,760,810,860,950,1025,1100,1200,1225
2101004,525,575,650,700,775,875,975,1050
2104002,760,810,860,950,1025,1100,1200,1225
2104004,650,735,790,840,925,1025,1125,1200
2104006,575,625,700,775,850,925,1025,1100
2104008,525,575,650,700,775,875,975,1050
2121002,760,810,860,950,1025,1100,1200,1225
2121004,650,735,790,840,925,1025,1125,1200
2121006,525,575,650,700,775,875,975,1050
2132002,760,810,860,950,1025,1100,1200,1225
2132004,575,625,700,775,850,925,1025,1100
2132006,575,625,700,775,850,925,1025,1100
2132008,650,735,790,840,925,1025,1125,1200
2132010,575,625,700,775,850,925,1025,1100
2132011,575,625,700,775,850,925,1025,1100
2132012,525,575,650,700,775,875,975,1050
2132014,525,575,650,700,775,875,975,1050
2161002,760,810,860,950,1025,1100,1200,1225
2161004,760,810,860,950,1025,1100,1200,1225
2161005,760,810,860,950,1025,1100,1200,1225
2161006,760,810,860,950,1025,1100,1200,1225
2161008,575,625,700,775,850,925,1025,1100
2161010,525,575,650,700,775,875,975,1050
2161012,525,575,650,700,775,875,975,1050
2180002,1100,1150,1200,1275,1400,1500,1650,1750
2180003,1050,1075,1150,1200,1250,1325,1450,1550
2180004,1050,1075,1150,1200,1250,1325,1450,1550
2180005,1050,1075,1150,1200,1250,1325,1450,1550
2180006,1100,1150,1200,1275,1400,1500,1650,1750
2180007,1050,1075,1150,1200,1250,1325,1450,1550
2180008,1050,1075,1150,1200,1250,1325,1450,1550
2180009,1050,1075,1150,1200,1250,1325,1450,1550
2180010,825,925,975,1025,1100,1200,1250,1300
2180011,825,925,975,1025,1100,1200,1250,1300
2180012,825,925,975,1025,1100,1200,1250,1300
2180013,825,925,975,1025,1100,1200,1250,1300
2180014,760,810,860,950,1025,1100,1200,1225
2180015,825,925,975,1025,1100,1200,1250,1300
2180016,760,810,860,950,1025,1100,1200,1225
2180017,825,925,975,1025,1100,1200,1250,1300
2180018,760,810,860,950,1025,1100,1200,1225
2180019,825,925,975,1025,1100,1200,1250,1300
2180020,825,925,975,1025,1100,1200,1250,1300
2180021,825,925,975,1025,1100,1200,1250,1300
2180022,650,735,790,840,925,1025,1125,1200
2180023,825,925,975,1025,1100,1200,1250,1300
2180024,650,735,790,840,925,1025,1125,1200
2180025,825,925,975,1025,1100,1200,1250,1300
2180026,650,735,790,840,925,1025,1125,1200
2180027,575,625,700,775,850,925,1025,1100
2180028,525,575,650,700,775,875,975,1050
2180030,575,625,700,775,850,925,1025,1100
2180031,575,625,700,775,850,925,1025,1100
2180032,525,575,650,700,775,875,975,1050
2180035,1100,1150,1200,1275,1400,1500,1650,1750
2180036,825,925,975,1025,1100,1200,1250,1300
2180038,825,925,975,1025,1100,1200,1250,1300
2181001,760,810,860,950,1025,1100,1200,1225
2181002,1050,1075,1150,1200,1250,1325,1450,1550
2181003,760,810,860,950,1025,1100,1200,1225
2181004,825,925,975,1025,1100,1200,1250,1300
2181005,1050,1075,1150,1200,1250,1325,1450,1550
2181006,825,925,975,1025,1100,1200,1250,1300
2181007,825,925,975,1025,1100,1200,1250,1300
2181008,760,810,860,950,1025,1100,1200,1225
2181009,825,925,975,1025,1100,1200,1250,1300
2181010,650,735,790,840,925,1025,1125,1200
2181012,650,735,790,840,925,1025,1125,1200
2181014,650,735,790,840,925,1025,1125,1200
2181016,650,735,790,840,925,1025,1125,1200
2181018,650,735,790,840,925,1025,1125,1200
2181019,650,735,790,840,925,1025,1125,1200
2181020,650,735,790,840,925,1025,1125,1200
2181022,650,735,790,840,925,1025,1125,1200
2181024,575,625,700,775,850,925,1025,1100
2181026,760,810,860,950,1025,1100,1200,1225
2182002,825,925,975,1025,1100,1200,1250,1300
2182004,825,925,975,1025,1100,1200,1250,1300
2182006,825,925,975,1025,1100,1200,1250,1300
2182007,760,810,860,950,1025,1100,1200,1225
2182008,760,810,860,950,1025,1100,1200,1225
2182009,760,810,860,950,1025,1100,1200,1225
2182012,650,735,790,840,925,1025,1125,1200
2182014,650,735,790,840,925,1025,1125,1200
2182016,650,735,790,840,925,1025,1125,1200
2182017,650,735,790,840,925,1025,1125,1200
2182018,650,735,790,840,925,1025,1125,1200
2182020,650,735,790,840,925,1025,1125,1200
2182022,525,575,650,700,775,875,975,1050
2183002,825,925,975,1025,1100,1200,1250,1300
2183004,825,925,975,1025,1100,1200,1250,1300
2183005,760,810,860,950,1025,1100,1200,1225
2183006,760,810,860,950,1025,1100,1200,1225
2183007,760,810,860,950,1025,1100,1200,1225
2183008,650,735,790,840,925,1025,1125,1200
2183010,650,735,790,840,925,1025,1125,1200
2183012,525,575,650,700,775,875,975,1050
2184001,1050,1075,1150,1200,1250,1325,1450,1550
2184002,1050,1075,1150,1200,1250,1325,1450,1550
2184004,825,925,975,1025,1100,1200,1250,1300
2184006,760,810,860,950,1025,1100,1200,1225
2184007,650,735,790,840,925,1025,1125,1200
2184008,650,735,790,840,925,1025,1125,1200
2184010,650,735,790,840,925,1025,1125,1200
2184012,650,735,790,840,925,1025,1125,1200
2184014,650,735,790,840,925,1025,1125,1200
2184016,575,625,700,775,850,925,1025,1100
2184018,525,575,650,700,775,875,975,1050
2184020,525,575,650,700,775,875,975,1050
2260068,650,675,725,775,900,1000,1150,1300
2260070,725,775,825,875,950,1000,1050,1150
2260074,650,675,725,775,900,1000,1150,1300
2260076,650,675,725,775,900,1000,1150,1300
2260078,650,675,725,775,900,1000,1150,1300
2260080,650,675,725,775,900,1000,1150,1300
2260900,525,575,600,625,675,775,925,1050
2262110,725,775,825,875,950,1000,1050,1150
2262112,825,875,925,1000,1050,1250,1450,1550
2262114,725,775,825,875,950,1000,1050,1150
2262116,725,775,825,875,950,1000,1050,1150
2262118,725,775,825,875,950,1000,1050,1150
2262120,650,675,725,775,900,1000,1150,1300
2262900,525,575,600,625,675,775,925,1050
2262901,575,625,650,675,775,875,1100,1200
2280042,950,975,1000,1050,1150,1350,1550,1650
2280044,825,875,925,1000,1050,1250,1450,1550
2280045,725,775,825,875,950,1000,1050,1150
2280046,725,775,825,875,950,1000,1050,1150
2280050,725,775,825,875,950,1000,1050,1150
2280064,650,675,725,775,900,1000,1150,1300
2280066,650,675,725,775,900,1000,1150,1300
2280900,525,575,600,625,675,775,925,1050
2280901,575,625,650,675,775,875,1100,1200
2281012,575,625,650,675,775,875,1100,1200
2281080,825,875,925,1000,1050,1250,1450,1550
2281081,825,875,925,1000,1050,1250,1450,1550
2281082,650,675,725,775,900,1000,1150,1300
2281084,650,675,725,775,900,1000,1150,1300
2281087,825,875,925,1000,1050,1250,1450,1550
2281088,1200,1250,1300,1350,1450,1700,1975,2050
2281089,1200,1250,1300,1350,1450,1700,1975,2050
2281090,950,975,1000,1050,1150,1350,1550,1650
2281091,1200,1250,1300,1350,1450,1700,1975,2050
2281092,825,875,925,1000,1050,1250,1450,1550
2281093,825,875,925,1000,1050,1250,1450,1550
2281094,825,875,925,1000,1050,1250,1450,1550
2281095,825,875,925,1000,1050,1250,1450,1550
2281096,825,875,925,1000,1050,1250,1450,1550
2281098,725,775,825,875,950,1000,1050,1150
2281100,825,875,925,1000,1050,1250,1450,1550
2281102,725,775,825,875,950,1000,1050,1150
2281104,725,775,825,875,950,1000,1050,1150
2281106,725,775,825,875,950,1000,1050,1150
2281108,725,775,825,875,950,1000,1050,1150
2281900,575,625,650,675,775,875,1100,1200
2282006,575,625,650,675,775,875,1100,1200
2282008,575,625,650,675,775,875,1100,1200
2282052,725,775,825,875,950,1000,1050,1150
2282054,725,775,825,875,950,1000,1050,1150
2282056,650,675,725,775,900,1000,1150,1300
2282058,650,675,725,775,900,1000,1150,1300
2282060,650,675,725,775,900,1000,1150,1300
2282062,650,675,725,775,900,1000,1150,1300
2282900,525,575,600,625,675,775,925,1050
2282901,525,575,600,625,675,775,925,1050
2283010,575,625,650,675,775,875,1100,1200
2283030,725,775,825,875,950,1000,1050,1150
2283032,725,775,825,875,950,1000,1050,1150
2283034,725,775,825,875,950,1000,1050,1150
2283036,650,675,725,775,900,1000,1150,1300
2283038,650,675,725,775,900,1000,1150,1300
2283040,650,675,725,775,900,1000,1150,1300
2283900,525,575,600,625,675,775,925,1050
2284014,825,875,925,1000,1050,1250,1450,1550
2284016,725,775,825,875,950,1000,1050,1150
2284018,725,775,825,875,950,1000,1050,1150
2284020,950,975,1000,1050,1150,1350,1550,1650
2284022,650,675,725,775,900,1000,1150,1300
2284024,650,675,725,775,900,1000,1150,1300
2284026,650,675,725,775,900,1000,1150,1300
2284028,650,675,725,775,900,1000,1150,1300
2284900,525,575,600,625,675,775,925,1050
2284901,575,625,650,675,775,875,1100,1200
2284902,575,625,650,675,775,875,1100,1200
2303100,525,575,625,675,725,775,900,975
2303101,575,625,675,725,775,825,925,1025
2303103,675,725,775,825,925,975,1050,1075
2303104,575,625,675,725,775,825,925,1025
2305200,525,575,625,675,725,775,900,975
2305201,575,625,675,725,775,825,925,1025
2305202,675,725,775,825,925,975,1050,1075
2305203,575,625,675,725,775,825,925,1025
2305204,575,625,675,725,775,825,925,1025
2309300,525,575,625,675,725,775,900,975
2309301,675,725,775,825,925,975,1050,1075
2309302,775,825,875,925,975,1025,1100,1150
2309303,575,625,675,725,775,825,925,1025
2309304,575,625,675,725,775,825,925,1025
2309305,675,725,775,825,925,975,1050,1075
2309306,775,825,875,925,975,1025,1100,1150
2309307,675,725,775,825,925,975,1050,1075
2309309,575,625,675,725,775,825,925,1025
2309310,575,625,675,725,775,825,925,1025
2309311,575,625,675,725,775,825,925,1025
2309312,575,625,675,725,775,825,925,1025
2309313,775,825,875,925,975,1025,1100,1150
2313400,525,575,625,675,725,775,900,975
2313401,575,625,675,725,775,825,925,1025
2313402,675,725,775,825,925,975,1050,1075
2313403,675,725,775,825,925,975,1050,1075
2313404,575,625,675,725,775,825,925,1025
2321500,525,575,625,675,725,775,900,975
2321501,675,725,775,825,925,975,1050,1075
2321502,575,625,675,725,775,825,925,1025
2321503,675,725,775,825,925,975,1050,1075
2321504,675,725,775,825,925,975,1050,1075
2321505,900,950,1000,1050,1150,1225,1350,1450
2321506,675,725,775,825,925,975,1050,1075
2321507,575,625,675,725,775,825,925,1025
2321508,675,725,775,825,925,975,1050,1075
2321509,575,625,675,725,775,825,925,1025
2321510,675,725,775,825,925,975,1050,1075
2321511,575,625,675,725,775,825,925,1025
2321512,675,725,775,825,925,975,1050,1075
2321513,675,725,775,825,925,975,1050,1075
2321514,775,825,875,925,975,1025,1100,1150
2326600,525,575,625,675,725,775,900,975
2326601,675,725,775,825,925,975,1050,1075
2326602,675,725,775,825,925,975,1050,1075
2326604,675,725,775,825,925,975,1050,1075
2326605,675,725,775,825,925,975,1050,1075
2326607,575,625,675,725,775,825,925,1025
2326609,575,625,675,725,775,825,925,1025
2326610,575,625,675,725,775,825,925,1025
2326611,575,625,675,725,775,825,925,1025
2361700,525,575,625,675,725,775,900,975
2361701,675,725,775,825,925,975,1050,1075
2361702,675,725,775,825,925,975,1050,1075
2361703,575,625,675,725,775,825,925,1025
2361704,575,625,675,725,775,825,925,1025
2361705,675,725,775,825,925,975,1050,1075
2361706,675,725,775,825,925,975,1050,1075
2361707,675,725,775,825,925,975,1050,1075
2361708,675,725,775,825,925,975,1050,1075
2361709,575,625,675,725,775,825,925,1025
2361710,675,725,775,825,925,975,1050,1075
2361711,675,725,775,825,925,975,1050,1075
2361712,675,725,775,825,925,975,1050,1075
2361713,675,725,775,825,925,975,1050,1075
2361714,675,725,775,825,925,975,1050,1075
2361715,575,625,675,725,775,825,925,1025
2380099,575,625,675,725,775,825,925,1025
2380800,525,575,625,675,725,775,900,975
2380801,575,625,675,725,775,825,925,1025
2380802,675,725,775,825,925,975,1050,1075
2380803,775,825,875,925,975,1025,1100,1150
2380804,775,825,875,925,975,1025,1100,1150
2380805,900,950,1000,1050,1150,1225,1350,1450
2380806,900,950,1000,1050,1150,1225,1350,1450
2380807,775,825,875,925,975,1025,1100,1150
2380808,775,825,875,925,975,1025,1100,1150
2380809,675,725,775,825,925,975,1050,1075
2380810,900,950,1000,1050,1150,1225,1350,1450
2380811,900,950,1000,1050,1150,1225,1350,1450
2380812,900,950,1000,1050,1150,1225,1350,1450
2380813,950,1000,1100,1150,1200,1300,1450,1625
2380814,900,950,1000,1050,1150,1225,1350,1450
2380815,775,825,875,925,975,1025,1100,1150
2380816,675,725,775,825,925,975,1050,1075
2380817,575,625,675,725,775,825,925,1025
2380818,575,625,675,725,775,825,925,1025
2380819,775,825,875,925,975,1025,1100,1150
2380820,675,725,775,825,925,975,1050,1075
2380821,775,825,875,925,975,1025,1100,1150
2380822,525,575,625,675,725,775,900,975
2380823,1050,1150,1200,1325,1425,1625,1800,1900
2380824,900,950,1000,1050,1150,1225,1350,1450
2380825,900,950,1000,1050,1150,1225,1350,1450
2401114,780,830,880,910,930,1000,1020,1060
2401116,550,600,620,650,700,730,760,780
2401900,550,600,620,650,700,730,760,780
2403112,650,700,730,760,780,830,870,900
2403900,550,600,620,650,700,730,760,780
2404063,550,600,620,650,700,730,760,780
2404065,550,600,620,650,700,730,760,780
2404066,780,830,880,910,930,1000,1020,1060
2404067,550,600,620,650,700,730,760,780
2404900,550,600,620,650,700,730,760,780
2409068,550,600,620,650,700,730,760,780
2409070,780,830,880,910,930,1000,1020,1060
2409074,550,600,620,650,700,730,760,780
2409900,550,600,620,650,700,730,760,780
2417012,650,700,730,760,780,830,870,900
2417014,550,600,620,650,700,730,760,780
2417900,550,600,620,650,700,730,760,780
2418010,650,700,730,760,780,830,870,900
2418900,550,600,620,650,700,730,760,780
2421006,700,760,780,810,830,870,900,930
2421007,700,760,780,810,830,870,900,930
2421008,700,760,780,810,830,870,900,930
2421009,650,700,730,760,780,830,870,900
2421900,550,600,620,650,700,730,760,780
2422004,650,700,730,760,780,830,870,900
2422900,550,600,620,650,700,730,760,780
2425058,650,700,730,760,780,830,870,900
2425900,550,600,620,650,700,730,760,780
2460108,830,910,930,1000,1050,1100,1160,1240
2460110,830,910,930,1000,1050,1100,1160,1240
2460900,550,600,620,650,700,730,760,780
2462056,780,830,880,910,930,1000,1020,1060
2462900,550,600,620,650,700,730,760,780
2463060,650,700,730,760,780,830,870,900
2463900,550,600,620,650,700,730,760,780
2480076,550,600,620,650,700,730,760,780
2480078,550,600,620,650,700,730,760,780
2480080,780,830,880,910,930,1000,1020,1060
2480082,780,830,880,910,930,1000,1020,1060
2480084,550,600,620,650,700,730,760,780
2480086,650,700,730,760,780,830,870,900
2480088,780,830,880,910,930,1000,1020,1060
2480090,830,910,930,1000,1050,1100,1160,1240
2480091,830,910,930,1000,1050,1100,1160,1240
2480092,830,910,930,1000,1050,1100,1160,1240
2480093,830,910,930,1000,1050,1100,1160,1240
2480094,1160,1270,1380,1540,1660,1760,1820,1940
2480095,1160,1270,1380,1540,1660,1760,1820,1940
2480096,1160,1270,1380,1540,1660,1760,1820,1940
2480097,830,910,930,1000,1050,1100,1160,1240
2480098,1050,1160,1270,1380,1440,1490,1540,1650
2480099,830,910,930,1000,1050,1100,1160,1240
2480100,870,920,980,1080,1130,1190,1250,1300
2480102,780,830,880,910,930,1000,1020,1060
2480104,780,830,880,910,930,1000,1020,1060
2480105,870,920,980,1080,1130,1190,1250,1300
2480106,780,830,880,910,930,1000,1020,1060
2480107,830,910,930,1000,1050,1100,1160,1240
2480201,1080,1190,1350,1460,1510,1570,1630,1690
2480390,870,920,980,1080,1130,1190,1250,1300
2480900,550,600,620,650,700,730,760,780
2481052,780,830,880,910,930,1000,1020,1060
2481055,830,910,930,1000,1050,1100,1160,1240
2481352,780,830,880,910,930,1000,1020,1060
2481900,550,600,620,650,700,730,760,780
2482016,550,600,620,650,700,730,760,780
2482018,550,600,620,650,700,730,760,780
2482020,550,600,620,650,700,730,760,780
2482022,700,760,780,810,830,870,900,930
2482024,550,600,620,650,700,730,760,780
2482026,650,700,730,760,780,830,870,900
2482028,550,600,620,650,700,730,760,780
2482030,700,760,780,810,830,870,900,930
2482031,780,830,880,910,930,1000,1020,1060
2482032,780,830,880,910,930,1000,1020,1060
2482034,830,910,930,1000,1050,1100,1160,1240
2482035,830,910,930,1000,1050,1100,1160,1240
2482036,830,910,930,1000,1050,1100,1160,1240
2482037,780,830,880,910,930,1000,1020,1060
2482038,780,830,880,910,930,1000,1020,1060
2482040,700,760,780,810,830,870,900,930
2482041,700,760,780,810,830,870,900,930
2482042,700,760,780,810,830,870,900,930
2482046,700,760,780,810,830,870,900,930
2482050,650,700,730,760,780,830,870,900
2482332,780,830,880,910,930,1000,1020,1060
2482900,550,600,620,650,700,730,760,780
2505100,700,750,770,800,850,880,930,960
2505101,520,560,570,580,590,620,670,700
2506100,700,750,770,800,850,880,930,960
2506101,520,560,570,580,590,620,670,700
2510100,700,750,770,800,850,880,930,960
2510101,520,560,570,580,590,620,670,700
2510102,520,560,570,580,590,620,670,700
2510103,620,640,670,700,720,770,800,830
2510104,700,750,770,800,850,880,930,960
2513100,620,640,670,700,720,770,800,830
2513101,520,560,570,580,590,620,670,700
2514100,770,820,850,880,930,1000,1060,1100
2514101,700,750,770,800,850,880,930,960
2514102,520,560,570,580,590,620,670,700
2514103,520,560,570,580,590,620,670,700
2514104,520,560,570,580,590,620,670,700
2514105,520,560,570,580,590,620,670,700
2514106,520,560,570,580,590,620,670,700
2514107,520,560,570,580,590,620,670,700
2518100,700,750,770,800,850,880,930,960
2518101,520,560,570,580,590,620,670,700
2518102,520,560,570,580,590,620,670,700
2521100,700,750,770,800,850,880,930,960
2521101,520,560,570,580,590,620,670,700
2521102,520,560,570,580,590,620,670,700
2521103,520,560,570,580,590,620,670,700
2523100,820,880,930,1000,1060,1160,1180,1230
2523101,700,750,770,800,850,880,930,960
2523102,700,750,770,800,850,880,930,960
2523103,520,560,570,580,590,620,670,700
2523104,700,750,770,800,850,880,930,960
2523105,620,640,670,700,720,770,800,830
2523106,520,560,570,580,590,620,670,700
2560100,700,750,770,800,850,880,930,960
2560101,520,560,570,580,590,620,670,700
2580100,1050,1100,1210,1310,1370,1500,1650,1770
2580101,1000,1080,1160,1210,1260,1370,1440,1540
2580102,920,1000,1050,1100,1180,1290,1310,1400
2580103,770,820,850,880,930,1000,1060,1100
2580104,770,820,850,880,930,1000,1060,1100
2580105,770,820,850,880,930,1000,1060,1100
2580106,770,820,850,880,930,1000,1060,1100
2580107,770,820,850,880,930,1000,1060,1100
2580108,770,820,850,880,930,1000,1060,1100
2580109,770,820,850,880,930,1000,1060,1100
2580110,770,820,850,880,930,1000,1060,1100
2580111,700,750,770,800,850,880,930,960
2580112,620,640,670,700,720,770,800,830
2580113,520,560,570,580,590,620,670,700
2580114,1000,1080,1160,1210,1260,1370,1440,1540
2580115,770,820,850,880,930,1000,1060,1100
2580116,1050,1100,1210,1310,1370,1500,1650,1770
2580200,920,1000,1050,1100,1180,1290,1310,1400
2580202,770,820,850,880,930,1000,1060,1100
2580204,920,1000,1050,1100,1180,1290,1310,1400
2580206,1000,1080,1160,1210,1260,1370,1440,1540
2580208,770,820,850,880,930,1000,1060,1100
2580300,520,560,570,580,590,620,670,700
2581100,820,880,930,1000,1060,1160,1180,1230
2581101,820,880,930,1000,1060,1160,1180,1230
2581102,700,750,770,800,850,880,930,960
2581103,620,640,670,700,720,770,800,830
2581104,770,820,850,880,930,1000,1060,1100
2581105,700,750,770,800,850,880,930,960
2581106,620,640,670,700,720,770,800,830
2581107,620,640,670,700,720,770,800,830
2581108,620,640,670,700,720,770,800,830
2581109,520,560,570,580,590,620,670,700
2581110,520,560,570,580,590,620,670,700
2581111,620,640,670,700,720,770,800,830
2581112,700,750,770,800,850,880,930,960
2581113,1000,1080,1160,1210,1260,1370,1440,1540
2582100,700,750,770,800,850,880,930,960
2582101,700,750,770,800,850,880,930,960
2582102,620,640,670,700,720,770,800,830
2582103,520,560,570,580,590,620,670,700
2582104,920,1000,1050,1100,1180,1290,1310,1400
2582200,620,640,670,700,720,770,800,830
2582300,620,640,670,700,720,770,800,830
2583100,820,880,930,1000,1060,1160,1180,1230
2583101,820,880,930,1000,1060,1160,1180,1230
2583102,770,820,850,880,930,1000,1060,1100
2583103,520,560,570,580,590,620,670,700
2583200,820,880,930,1000,1060,1160,1180,1230
2583201,920,1000,1050,1100,1180,1290,1310,1400
2584100,820,880,930,1000,1060,1160,1180,1230
2584101,770,820,850,880,930,1000,1060,1100
2584102,770,820,850,880,930,1000,1060,1100
2584103,620,640,670,700,720,770,800,830
2584104,520,560,570,580,590,620,670,700
2584105,520,560,570,580,590,620,670,700
2584106,520,560,570,580,590,620,670,700
2584107,920,1000,1050,1100,1180,1290,1310,1400
2584301,620,640,670,700,720,770,800,830
